{"type":"FeatureCollection","features":[{"type":"Feature","properties":{"codigo_comuna":"10401","codigo_provincia":"104","codigo_region":"00010","comuna":"Chaitén"},"geometry":{"type":"MultiPolygon","coordinates":[[[[-73.026,-43.6668],[-73.0307,-43.6668],[-73.0319,-43.6638],[-73.0302,-43.6612],[-73.0272,-43.6624],[-73.0257,-43.6642],[-73.026,-43.6668]]],[[[-72.9989,-43.6614],[-73.0006,-43.6588],[-72.9995,-43.6561],[-72.997,-43.6563],[-72.9971,-43.6597],[-72.9989,-43.6614]]],[[[-73.0148,-43.6337],[-73.0115,-43.6348],[-73.0102,-43.6334],[-73.0069,-43.6338],[-73.0065,-43.6354],[-73.004,-43.6364],[-73.0025,-43.6348],[-72.9974,-43.6349],[-72.9946,-43.6393],[-72.9965,-43.6445],[-73.0034,-43.6421],[-73.0047,-43.6384],[-73.0081,-43.6378],[-73.0126,-43.6398],[-73.0159,-43.637],[-73.0148,-43.6337]]],[[[-73.0222,-43.6287],[-73.0212,-43.6343],[-73.019,-43.6354],[-73.0225,-43.6388],[-73.023,-43.6437],[-73.0184,-43.6502],[-73.0154,-43.6524],[-73.0161,-43.655],[-73.0181,-43.6561],[-73.0215,-43.656],[-73.021,-43.6542],[-73.0233,-43.65],[-73.0274,-43.6509],[-73.0308,-43.6492],[-73.0305,-43.6459],[-73.0292,-43.6449],[-73.0294,-43.6395],[-73.0311,-43.6383],[-73.0322,-43.6321],[-73.0279,-43.6305],[-73.0236,-43.6277],[-73.0222,-43.6287]]],[[[-72.9594,-43.6074],[-72.9581,-43.6105],[-72.9606,-43.6124],[-72.9638,-43.6096],[-72.9649,-43.6066],[-72.96,-43.6063],[-72.9594,-43.6074]]],[[[-72.9816,-43.6061],[-72.9797,-43.6086],[-72.9793,-43.6109],[-72.9809,-43.613],[-72.9871,-43.6136],[-72.9895,-43.6152],[-72.9946,-43.6161],[-72.9993,-43.6136],[-73.0051,-43.6124],[-73.0045,-43.6092],[-73.001,-43.6086],[-72.9996,-43.61],[-72.9945,-43.6105],[-72.9929,-43.6087],[-72.9871,-43.6078],[-72.9867,-43.6059],[-72.9831,-43.6048],[-72.9816,-43.6061]]],[[[-73.0266,-43.5773],[-73.0242,-43.5778],[-73.0255,-43.5832],[-73.0289,-43.5827],[-73.0295,-43.5801],[-73.0266,-43.5773]]],[[[-72.8228,-43.018],[-72.8242,-43.0197],[-72.8288,-43.0206],[-72.8345,-43.0189],[-72.8329,-43.0174],[-72.8228,-43.018]]],[[[-72.8118,-43.0113],[-72.8076,-43.0122],[-72.811,-43.0145],[-72.8187,-43.018],[-72.8205,-43.0154],[-72.8176,-43.0125],[-72.8118,-43.0113]]],[[[-73.0865,-42.7266],[-73.0836,-42.7286],[-73.08,-42.7327],[-73.0754,-42.7364],[-73.0733,-42.7404],[-73.0733,-42.7432],[-73.0745,-42.7465],[-73.0742,-42.7502],[-73.0732,-42.7531],[-73.0747,-42.7552],[-73.0804,-42.7512],[-73.0805,-42.75],[-73.0893,-42.7442],[-73.0908,-42.7413],[-73.0966,-42.737],[-73.0972,-42.7343],[-73.0945,-42.7316],[-73.093,-42.7284],[-73.0879,-42.7256],[-73.0865,-42.7266]]],[[[-73.0726,-42.7163],[-73.0696,-42.7151],[-73.0632,-42.7179],[-73.063,-42.7188],[-73.0559,-42.7195],[-73.0521,-42.7213],[-73.0533,-42.7235],[-73.0521,-42.7256],[-73.0552,-42.7288],[-73.0549,-42.7336],[-73.0534,-42.7364],[-73.0548,-42.7406],[-73.054,-42.7434],[-73.0585,-42.7467],[-73.059,-42.7485],[-73.0615,-42.7507],[-73.0646,-42.7514],[-73.065,-42.7497],[-73.0673,-42.7479],[-73.0664,-42.7452],[-73.0686,-42.7438],[-73.0695,-42.7416],[-73.0718,-42.7408],[-73.0712,-42.7388],[-73.0719,-42.7352],[-73.0753,-42.7313],[-73.0758,-42.7292],[-73.0748,-42.7263],[-73.0775,-42.7229],[-73.0791,-42.717],[-73.0771,-42.7149],[-73.0726,-42.7163]]],[[[-73.0187,-42.6937],[-73.0143,-42.6942],[-73.0134,-42.6954],[-73.0054,-42.6988],[-72.9981,-42.7012],[-72.996,-42.7023],[-72.9941,-42.7048],[-72.9951,-42.7086],[-72.9931,-42.7121],[-72.9861,-42.716],[-72.9864,-42.7191],[-72.9879,-42.7205],[-72.9832,-42.7294],[-72.9838,-42.7338],[-72.9815,-42.7368],[-72.9765,-42.7389],[-72.972,-42.7401],[-72.9635,-42.7401],[-72.9595,-42.7385],[-72.9566,-42.7357],[-72.9563,-42.7339],[-72.9589,-42.7313],[-72.9566,-42.7252],[-72.9498,-42.7233],[-72.9486,-42.7223],[-72.9484,-42.7191],[-72.9443,-42.7173],[-72.9394,-42.7167],[-72.9363,-42.719],[-72.9314,-42.7206],[-72.9274,-42.7202],[-72.9238,-42.7238],[-72.9262,-42.7253],[-72.9277,-42.7276],[-72.9275,-42.7308],[-72.93,-42.7364],[-72.9276,-42.7398],[-72.9278,-42.7416],[-72.9256,-42.7459],[-72.9274,-42.7506],[-72.9219,-42.755],[-72.9224,-42.7582],[-72.9245,-42.7626],[-72.9231,-42.767],[-72.9216,-42.7686],[-72.9173,-42.7712],[-72.9197,-42.7729],[-72.9196,-42.777],[-72.9179,-42.7822],[-72.9213,-42.7835],[-72.9208,-42.7861],[-72.9242,-42.7862],[-72.9244,-42.7845],[-72.9314,-42.7826],[-72.9401,-42.7822],[-72.9412,-42.7811],[-72.9388,-42.7779],[-72.943,-42.7738],[-72.9433,-42.7717],[-72.9476,-42.7688],[-72.9491,-42.7596],[-72.9523,-42.7593],[-72.9561,-42.7529],[-72.9589,-42.753],[-72.9631,-42.7508],[-72.9665,-42.7503],[-72.9677,-42.7519],[-72.9703,-42.7522],[-72.969,-42.7573],[-72.9667,-42.7574],[-72.9644,-42.76],[-72.9625,-42.7659],[-72.959,-42.7673],[-72.9534,-42.774],[-72.9492,-42.777],[-72.9464,-42.7829],[-72.9468,-42.7859],[-72.945,-42.7903],[-72.9474,-42.794],[-72.951,-42.7944],[-72.9488,-42.7985],[-72.9435,-42.7959],[-72.943,-42.793],[-72.944,-42.7894],[-72.9403,-42.7858],[-72.9374,-42.7846],[-72.9377,-42.7879],[-72.9392,-42.7895],[-72.9372,-42.7935],[-72.9374,-42.7965],[-72.9403,-42.798],[-72.9418,-42.7998],[-72.9454,-42.8006],[-72.9464,-42.8023],[-72.9489,-42.8031],[-72.9515,-42.8099],[-72.9546,-42.8069],[-72.9508,-42.8045],[-72.9507,-42.8028],[-72.9539,-42.7989],[-72.9568,-42.7967],[-72.9612,-42.7957],[-72.9639,-42.7964],[-72.9648,-42.7925],[-72.9631,-42.789],[-72.967,-42.7849],[-72.9698,-42.784],[-72.9697,-42.7818],[-72.9726,-42.7801],[-72.9761,-42.78],[-72.9744,-42.7762],[-72.9791,-42.772],[-72.9849,-42.7689],[-72.9866,-42.7649],[-72.9853,-42.7628],[-72.989,-42.7592],[-72.994,-42.7555],[-72.9997,-42.7524],[-72.9963,-42.7488],[-72.9959,-42.7475],[-72.9997,-42.7454],[-73.0043,-42.7416],[-73.0063,-42.7385],[-73.005,-42.7343],[-73.0131,-42.7308],[-73.0134,-42.7285],[-73.0169,-42.728],[-73.0168,-42.7327],[-73.0199,-42.7336],[-73.022,-42.7313],[-73.021,-42.7294],[-73.0244,-42.7228],[-73.0311,-42.7199],[-73.0317,-42.719],[-73.0307,-42.7141],[-73.0331,-42.7073],[-73.0324,-42.7004],[-73.0312,-42.6962],[-73.0297,-42.6947],[-73.0215,-42.6934],[-73.0187,-42.6937]]],[[[-73.0902,-42.69],[-73.0873,-42.6905],[-73.0856,-42.6921],[-73.0868,-42.6952],[-73.0945,-42.7001],[-73.0938,-42.7042],[-73.098,-42.7062],[-73.0994,-42.7041],[-73.1036,-42.7018],[-73.1049,-42.6982],[-73.0992,-42.696],[-73.0985,-42.6942],[-73.094,-42.6928],[-73.0902,-42.69]]],[[[-72.8539,-42.6604],[-72.8536,-42.6639],[-72.8514,-42.6646],[-72.8516,-42.6715],[-72.8446,-42.6723],[-72.841,-42.6713],[-72.8379,-42.6694],[-72.8405,-42.6663],[-72.8369,-42.6662],[-72.8354,-42.668],[-72.8258,-42.6723],[-72.8232,-42.6723],[-72.8209,-42.6748],[-72.8258,-42.6767],[-72.8283,-42.6809],[-72.8313,-42.6822],[-72.8348,-42.6848],[-72.8367,-42.6918],[-72.8344,-42.694],[-72.8356,-42.6978],[-72.8326,-42.7009],[-72.8308,-42.7039],[-72.8336,-42.7052],[-72.8364,-42.7016],[-72.8442,-42.6973],[-72.8482,-42.6946],[-72.8507,-42.6905],[-72.8541,-42.6894],[-72.8541,-42.6869],[-72.8557,-42.6845],[-72.8596,-42.6822],[-72.8611,-42.6791],[-72.8636,-42.6767],[-72.8594,-42.6712],[-72.8615,-42.6685],[-72.8622,-42.6658],[-72.8594,-42.6638],[-72.8566,-42.6634],[-72.8578,-42.6583],[-72.8557,-42.6584],[-72.8539,-42.6604]]],[[[-73.0788,-42.654],[-73.0748,-42.6562],[-73.0753,-42.6584],[-73.0741,-42.6622],[-73.0679,-42.6663],[-73.0685,-42.6688],[-73.0715,-42.6706],[-73.075,-42.6742],[-73.0767,-42.6811],[-73.0793,-42.6771],[-73.0855,-42.6745],[-73.088,-42.6718],[-73.087,-42.6679],[-73.0873,-42.6658],[-73.0931,-42.6628],[-73.0869,-42.6577],[-73.0845,-42.6527],[-73.0788,-42.654]]],[[[-72.9331,-42.6348],[-72.9345,-42.632],[-72.9362,-42.6309],[-72.9351,-42.6267],[-72.9315,-42.6262],[-72.9324,-42.631],[-72.9338,-42.6325],[-72.9331,-42.6348]]],[[[-73.0377,-42.599],[-73.0357,-42.5999],[-73.0279,-42.6011],[-73.0178,-42.6019],[-73.0141,-42.6011],[-73.0052,-42.6028],[-73.0054,-42.6045],[-73.0035,-42.6063],[-73.0075,-42.6072],[-73.0076,-42.6095],[-73.004,-42.6168],[-73.0024,-42.6186],[-73.0049,-42.6218],[-73.0044,-42.6239],[-73.0072,-42.625],[-73.0101,-42.6288],[-73.0088,-42.6316],[-73.0037,-42.638],[-73.0095,-42.6431],[-73.0087,-42.6465],[-73.0066,-42.6488],[-73.0065,-42.6515],[-73.0092,-42.6515],[-73.0138,-42.6482],[-73.0137,-42.6462],[-73.0162,-42.6438],[-73.0207,-42.6427],[-73.0234,-42.6429],[-73.0229,-42.6382],[-73.0215,-42.6347],[-73.0237,-42.6319],[-73.0279,-42.6333],[-73.0302,-42.6325],[-73.0317,-42.6294],[-73.0353,-42.6293],[-73.0409,-42.631],[-73.0443,-42.6306],[-73.0464,-42.6293],[-73.0499,-42.6247],[-73.0526,-42.6232],[-73.0574,-42.6217],[-73.0596,-42.6185],[-73.0643,-42.6173],[-73.0668,-42.6158],[-73.0652,-42.6103],[-73.0633,-42.6081],[-73.0592,-42.6054],[-73.0564,-42.6047],[-73.0523,-42.6011],[-73.0471,-42.6004],[-73.0428,-42.5982],[-73.0414,-42.5966],[-73.0381,-42.5975],[-73.0377,-42.599]]],[[[-72.7921,-42.3541],[-72.7876,-42.3544],[-72.789,-42.3601],[-72.7932,-42.3579],[-72.7951,-42.3553],[-72.7921,-42.3541]]],[[[-72.4233,-42.4793],[-72.4166,-42.4958],[-72.4124,-42.5023],[-72.4162,-42.5049],[-72.4182,-42.5077],[-72.4182,-42.5099],[-72.416,-42.5161],[-72.4177,-42.5202],[-72.416,-42.5219],[-72.4106,-42.5246],[-72.4104,-42.5289],[-72.4082,-42.5309],[-72.4081,-42.5341],[-72.4042,-42.5363],[-72.4084,-42.5384],[-72.4092,-42.5405],[-72.4085,-42.5431],[-72.4115,-42.5479],[-72.412,-42.5533],[-72.4098,-42.5566],[-72.4051,-42.5591],[-72.4046,-42.5622],[-72.402,-42.5678],[-72.4019,-42.5727],[-72.3992,-42.5782],[-72.3925,-42.5797],[-72.3836,-42.5835],[-72.3808,-42.5836],[-72.3767,-42.5812],[-72.3747,-42.581],[-72.3703,-42.5838],[-72.3557,-42.5899],[-72.3507,-42.593],[-72.349,-42.595],[-72.3477,-42.5984],[-72.3488,-42.6016],[-72.3427,-42.6037],[-72.3404,-42.6056],[-72.3382,-42.6101],[-72.3324,-42.6136],[-72.3272,-42.6155],[-72.3239,-42.6176],[-72.3215,-42.6203],[-72.3196,-42.6237],[-72.3188,-42.6276],[-72.3141,-42.633],[-72.3131,-42.6356],[-72.3098,-42.6379],[-72.3058,-42.6373],[-72.2949,-42.6331],[-72.2934,-42.6303],[-72.2876,-42.6277],[-72.2864,-42.6265],[-72.2827,-42.6293],[-72.276,-42.6323],[-72.2757,-42.6359],[-72.2705,-42.6367],[-72.2646,-42.6405],[-72.2624,-42.6435],[-72.2596,-42.6437],[-72.2539,-42.6455],[-72.2466,-42.6496],[-72.245,-42.6545],[-72.2419,-42.6589],[-72.2359,-42.6591],[-72.2313,-42.6632],[-72.2257,-42.6673],[-72.2222,-42.6666],[-72.2194,-42.6629],[-72.2203,-42.6575],[-72.2189,-42.6531],[-72.2163,-42.6503],[-72.2073,-42.6501],[-72.2052,-42.6494],[-72.2019,-42.6449],[-72.2001,-42.6441],[-72.1955,-42.6446],[-72.1919,-42.6426],[-72.1884,-42.6382],[-72.1818,-42.6348],[-72.1768,-42.6338],[-72.1735,-42.6361],[-72.1712,-42.6416],[-72.1718,-42.6462],[-72.1692,-42.6516],[-72.1609,-42.6547],[-72.1589,-42.6562],[-72.1582,-42.6598],[-72.1597,-42.665],[-72.1672,-42.6725],[-72.1698,-42.6711],[-72.1731,-42.6774],[-72.1723,-42.681],[-72.1742,-42.6841],[-72.1764,-42.686],[-72.1775,-42.6891],[-72.1758,-42.6924],[-72.1771,-42.6951],[-72.175,-42.6999],[-72.1672,-42.7035],[-72.1628,-42.7044],[-72.1559,-42.7046],[-72.151,-42.7082],[-72.147,-42.7098],[-72.1424,-42.7098],[-72.1388,-42.7119],[-72.1385,-42.7135],[-72.1396,-42.7186],[-72.1372,-42.7233],[-72.1365,-42.7266],[-72.1352,-42.728],[-72.129,-42.73],[-72.1284,-42.7331],[-72.1344,-42.7353],[-72.1389,-42.739],[-72.1433,-42.7402],[-72.1455,-42.7428],[-72.1443,-42.7461],[-72.1445,-42.7495],[-72.1422,-42.7523],[-72.1363,-42.7549],[-72.1342,-42.7632],[-72.1342,-42.7673],[-72.1324,-42.7701],[-72.1329,-42.7728],[-72.1312,-42.778],[-72.1363,-42.78],[-72.1393,-42.783],[-72.1398,-42.7852],[-72.1384,-42.7893],[-72.1395,-42.793],[-72.1417,-42.795],[-72.1445,-42.7958],[-72.1465,-42.798],[-72.1512,-42.7993],[-72.1597,-42.7981],[-72.1633,-42.7985],[-72.1647,-42.8006],[-72.1624,-42.804],[-72.1621,-42.8078],[-72.1589,-42.8107],[-72.1581,-42.8133],[-72.1558,-42.8154],[-72.1562,-42.8191],[-72.1597,-42.8233],[-72.1581,-42.8284],[-72.1521,-42.8302],[-72.1509,-42.8315],[-72.1503,-42.8385],[-72.1484,-42.8426],[-72.1483,-42.8469],[-72.147,-42.8514],[-72.1426,-42.8513],[-72.1394,-42.8523],[-72.1357,-42.8524],[-72.1337,-42.8551],[-72.1349,-42.8599],[-72.1347,-42.8626],[-72.1355,-42.8657],[-72.1343,-42.8688],[-72.1293,-42.8719],[-72.1258,-42.8724],[-72.1241,-42.8741],[-72.1196,-42.8759],[-72.1193,-42.8827],[-72.1224,-42.8841],[-72.1297,-42.8845],[-72.1358,-42.8873],[-72.1362,-42.892],[-72.1387,-42.8933],[-72.1416,-42.8934],[-72.1458,-42.8925],[-72.1494,-42.8905],[-72.1532,-42.8896],[-72.1592,-42.8917],[-72.1623,-42.8957],[-72.1644,-42.8975],[-72.1674,-42.8977],[-72.1715,-42.8967],[-72.1744,-42.8968],[-72.1784,-42.8956],[-72.1886,-42.8877],[-72.1922,-42.8873],[-72.1991,-42.8893],[-72.2017,-42.8907],[-72.201,-42.8937],[-72.1975,-42.897],[-72.1954,-42.9049],[-72.1931,-42.909],[-72.1913,-42.9101],[-72.1872,-42.9106],[-72.1825,-42.9137],[-72.1825,-42.9158],[-72.1848,-42.9165],[-72.1898,-42.9207],[-72.1917,-42.9238],[-72.1952,-42.9256],[-72.2016,-42.9314],[-72.2048,-42.9325],[-72.2143,-42.9339],[-72.2176,-42.9354],[-72.2178,-42.9399],[-72.2195,-42.9468],[-72.218,-42.951],[-72.2185,-42.9542],[-72.2209,-42.9573],[-72.2245,-42.9581],[-72.2259,-42.9594],[-72.2338,-42.9637],[-72.2342,-42.9656],[-72.226,-42.9685],[-72.2236,-42.9698],[-72.2215,-42.9726],[-72.2139,-42.9761],[-72.2123,-42.9785],[-72.2142,-42.9825],[-72.213,-42.9867],[-72.2134,-42.9883],[-72.2161,-42.9906],[-72.2199,-42.9917],[-72.2237,-42.99],[-72.2332,-42.9891],[-72.2358,-42.9894],[-72.2384,-42.9926],[-72.2415,-42.9951],[-72.2414,-42.9965],[-72.2384,-42.9985],[-72.2356,-43.0026],[-72.2377,-43.0055],[-72.2354,-43.008],[-72.235,-43.0116],[-72.2284,-43.0155],[-72.2268,-43.0198],[-72.2276,-43.0276],[-72.2313,-43.0334],[-72.2307,-43.0377],[-72.2265,-43.0383],[-72.2221,-43.0374],[-72.2179,-43.0356],[-72.2157,-43.0355],[-72.2118,-43.0368],[-72.2088,-43.0396],[-72.2048,-43.0415],[-72.2019,-43.0439],[-72.1997,-43.0492],[-72.1951,-43.0522],[-72.192,-43.053],[-72.1861,-43.0528],[-72.181,-43.0513],[-72.1737,-43.0523],[-72.1691,-43.0571],[-72.1675,-43.0604],[-72.1683,-43.0661],[-72.1713,-43.0697],[-72.1755,-43.0721],[-72.1789,-43.073],[-72.1801,-43.0745],[-72.1803,-43.0781],[-72.1815,-43.0795],[-72.1827,-43.0871],[-72.1857,-43.0952],[-72.1851,-43.0975],[-72.1797,-43.1],[-72.1765,-43.1005],[-72.17,-43.0996],[-72.1632,-43.0998],[-72.1593,-43.1019],[-72.1585,-43.1032],[-72.1573,-43.1093],[-72.1535,-43.1122],[-72.1519,-43.1149],[-72.1506,-43.1231],[-72.1533,-43.1284],[-72.1571,-43.1307],[-72.1606,-43.1368],[-72.1618,-43.1415],[-72.1607,-43.1474],[-72.1616,-43.1572],[-72.1653,-43.1613],[-72.1652,-43.1672],[-72.1637,-43.1762],[-72.1642,-43.1782],[-72.1694,-43.1822],[-72.1712,-43.1849],[-72.1762,-43.1883],[-72.1795,-43.1912],[-72.1797,-43.1937],[-72.1818,-43.201],[-72.1845,-43.2036],[-72.1905,-43.2044],[-72.1959,-43.2059],[-72.2007,-43.2088],[-72.2021,-43.2121],[-72.2051,-43.2153],[-72.2123,-43.2173],[-72.2195,-43.2177],[-72.2274,-43.2195],[-72.2295,-43.2211],[-72.2317,-43.2273],[-72.2289,-43.2311],[-72.2246,-43.2331],[-72.2208,-43.2361],[-72.2133,-43.24],[-72.2087,-43.2378],[-72.2022,-43.2371],[-72.1981,-43.2374],[-72.2019,-43.2414],[-72.2034,-43.244],[-72.196,-43.2499],[-72.1927,-43.2514],[-72.1934,-43.2556],[-72.1951,-43.2591],[-72.1959,-43.263],[-72.1936,-43.2654],[-72.1905,-43.2673],[-72.1882,-43.2702],[-72.186,-43.2746],[-72.1854,-43.2773],[-72.1829,-43.2794],[-72.1812,-43.2824],[-72.1815,-43.2846],[-72.1766,-43.2905],[-72.1772,-43.2926],[-72.1757,-43.2944],[-72.1755,-43.2985],[-72.181,-43.3051],[-72.183,-43.3114],[-72.1849,-43.3117],[-72.1844,-43.3146],[-72.1881,-43.3247],[-72.1867,-43.331],[-72.1887,-43.3328],[-72.1901,-43.3367],[-72.19,-43.3417],[-72.1914,-43.3452],[-72.1965,-43.3507],[-72.2001,-43.35],[-72.2499,-43.4066],[-72.2529,-43.4035],[-72.2589,-43.4002],[-72.2616,-43.3969],[-72.266,-43.3957],[-72.2694,-43.3938],[-72.2697,-43.3919],[-72.2753,-43.3908],[-72.2799,-43.3884],[-72.2839,-43.3882],[-72.2871,-43.3867],[-72.2885,-43.3843],[-72.2948,-43.3848],[-72.2971,-43.3863],[-72.3035,-43.3867],[-72.3066,-43.3875],[-72.2963,-43.4093],[-72.3012,-43.4142],[-72.2968,-43.4199],[-72.2976,-43.422],[-72.3019,-43.4262],[-72.302,-43.4331],[-72.2976,-43.435],[-72.2964,-43.4365],[-72.2917,-43.4375],[-72.2871,-43.4425],[-72.2849,-43.4503],[-72.2848,-43.4565],[-72.2803,-43.4574],[-72.2761,-43.462],[-72.2757,-43.4657],[-72.2714,-43.4637],[-72.268,-43.4629],[-72.2635,-43.4608],[-72.2569,-43.4657],[-72.2536,-43.4662],[-72.2397,-43.4663],[-72.2341,-43.4681],[-72.2333,-43.4737],[-72.2348,-43.4773],[-72.2401,-43.4808],[-72.2437,-43.4808],[-72.2482,-43.4821],[-72.2545,-43.482],[-72.2594,-43.4848],[-72.2625,-43.4852],[-72.2639,-43.4885],[-72.2627,-43.4909],[-72.2624,-43.4945],[-72.2657,-43.4993],[-72.2617,-43.5016],[-72.2566,-43.5072],[-72.2507,-43.511],[-72.2409,-43.5191],[-72.2335,-43.5242],[-72.2303,-43.5268],[-72.2274,-43.5312],[-72.2207,-43.5401],[-72.2174,-43.5436],[-72.2144,-43.5458],[-72.2098,-43.5474],[-72.2032,-43.5464],[-72.1989,-43.5479],[-72.1967,-43.5514],[-72.1962,-43.5558],[-72.2013,-43.5707],[-72.2039,-43.5762],[-72.2077,-43.5817],[-72.2161,-43.5884],[-72.2304,-43.5929],[-72.2358,-43.5938],[-72.2397,-43.5933],[-72.2445,-43.5935],[-72.248,-43.5944],[-72.2506,-43.5965],[-72.2534,-43.6051],[-72.2567,-43.6076],[-72.2566,-43.6097],[-72.2471,-43.6172],[-72.2335,-43.6303],[-72.231,-43.6335],[-72.2286,-43.6391],[-72.229,-43.6438],[-72.2374,-43.6504],[-72.2456,-43.6525],[-72.2555,-43.6557],[-72.2586,-43.6579],[-72.2596,-43.6605],[-72.2592,-43.6636],[-72.2627,-43.6665],[-72.2721,-43.6676],[-72.2735,-43.6684],[-72.2878,-43.6707],[-72.2959,-43.6731],[-72.3024,-43.6763],[-72.3094,-43.6825],[-72.3161,-43.6863],[-72.3195,-43.6891],[-72.3211,-43.6893],[-72.3237,-43.6848],[-72.3271,-43.6809],[-72.3307,-43.6777],[-72.3382,-43.6739],[-72.3455,-43.6745],[-72.3518,-43.6787],[-72.361,-43.6842],[-72.3647,-43.6854],[-72.3719,-43.6862],[-72.3764,-43.6897],[-72.3849,-43.6923],[-72.3869,-43.6923],[-72.3992,-43.6897],[-72.4028,-43.6906],[-72.4074,-43.6947],[-72.4169,-43.705],[-72.4148,-43.7073],[-72.4157,-43.7118],[-72.4139,-43.7142],[-72.4141,-43.7159],[-72.4183,-43.7215],[-72.4212,-43.7243],[-72.4225,-43.729],[-72.4272,-43.7277],[-72.4371,-43.7259],[-72.4407,-43.726],[-72.4452,-43.7279],[-72.4479,-43.7342],[-72.452,-43.7364],[-72.4591,-43.7348],[-72.4666,-43.7374],[-72.4731,-43.7354],[-72.4764,-43.7358],[-72.4778,-43.74],[-72.4815,-43.7446],[-72.4754,-43.7507],[-72.4751,-43.7532],[-72.4774,-43.7548],[-72.4832,-43.7574],[-72.4841,-43.7599],[-72.4825,-43.7634],[-72.484,-43.7692],[-72.4799,-43.7722],[-72.4805,-43.7736],[-72.4908,-43.7799],[-72.4902,-43.7858],[-72.4906,-43.7883],[-72.495,-43.7903],[-72.4962,-43.7958],[-72.4974,-43.7968],[-72.5029,-43.7975],[-72.5061,-43.7962],[-72.513,-43.7953],[-72.5207,-43.7932],[-72.522,-43.7896],[-72.5244,-43.7872],[-72.5304,-43.7844],[-72.5373,-43.7853],[-72.5419,-43.7843],[-72.5477,-43.7805],[-72.5524,-43.7796],[-72.5555,-43.7769],[-72.558,-43.7766],[-72.5626,-43.7777],[-72.5678,-43.778],[-72.5732,-43.7754],[-72.5787,-43.7699],[-72.5826,-43.7685],[-72.5851,-43.7663],[-72.5882,-43.7616],[-72.5946,-43.7602],[-72.5996,-43.7607],[-72.6055,-43.759],[-72.6097,-43.757],[-72.6111,-43.7549],[-72.6138,-43.7565],[-72.6214,-43.7569],[-72.6246,-43.7588],[-72.6295,-43.758],[-72.6348,-43.7602],[-72.6417,-43.7591],[-72.6432,-43.7597],[-72.6539,-43.7597],[-72.655,-43.7668],[-72.6537,-43.769],[-72.654,-43.776],[-72.6577,-43.7764],[-72.6621,-43.7777],[-72.667,-43.776],[-72.6782,-43.774],[-72.6866,-43.7699],[-72.6927,-43.7653],[-72.6973,-43.7647],[-72.703,-43.7679],[-72.7067,-43.7673],[-72.7132,-43.764],[-72.7178,-43.7643],[-72.7277,-43.7669],[-72.7386,-43.7715],[-72.7428,-43.7701],[-72.748,-43.7692],[-72.7555,-43.7693],[-72.7585,-43.7705],[-72.763,-43.7703],[-72.7666,-43.7632],[-72.7708,-43.7608],[-72.7742,-43.7568],[-72.7727,-43.7549],[-72.7675,-43.7519],[-72.7701,-43.75],[-72.7751,-43.7499],[-72.782,-43.7459],[-72.7894,-43.745],[-72.7904,-43.7442],[-72.7986,-43.7432],[-72.8005,-43.7407],[-72.8007,-43.7342],[-72.7989,-43.7326],[-72.7961,-43.7327],[-72.7923,-43.7308],[-72.794,-43.726],[-72.7892,-43.727],[-72.7826,-43.7257],[-72.7836,-43.7244],[-72.783,-43.7204],[-72.7836,-43.7147],[-72.7802,-43.7106],[-72.7801,-43.7067],[-72.7748,-43.7032],[-72.7747,-43.7017],[-72.7772,-43.7001],[-72.7783,-43.6978],[-72.7768,-43.6934],[-72.7667,-43.6919],[-72.7679,-43.6879],[-72.768,-43.6846],[-72.7713,-43.6835],[-72.7778,-43.6796],[-72.7801,-43.6777],[-72.7858,-43.6771],[-72.7896,-43.6753],[-72.7914,-43.6729],[-72.7915,-43.6707],[-72.7897,-43.6682],[-72.788,-43.6599],[-72.7876,-43.6553],[-72.7897,-43.6541],[-72.7919,-43.6488],[-72.7897,-43.6461],[-72.792,-43.6435],[-72.7971,-43.6408],[-72.8024,-43.6392],[-72.8073,-43.6383],[-72.8136,-43.6392],[-72.8191,-43.6421],[-72.8233,-43.6437],[-72.8236,-43.6453],[-72.8223,-43.6519],[-72.8225,-43.656],[-72.8257,-43.6582],[-72.8264,-43.6656],[-72.8278,-43.6684],[-72.8306,-43.6716],[-72.832,-43.677],[-72.831,-43.6792],[-72.8329,-43.6818],[-72.8366,-43.6884],[-72.8422,-43.6923],[-72.8443,-43.6966],[-72.8392,-43.6992],[-72.8396,-43.7041],[-72.8416,-43.7055],[-72.8429,-43.7086],[-72.8458,-43.7121],[-72.8441,-43.7136],[-72.8425,-43.7204],[-72.8439,-43.7232],[-72.8491,-43.728],[-72.8522,-43.7285],[-72.8515,-43.733],[-72.8537,-43.7374],[-72.8542,-43.7403],[-72.8559,-43.7412],[-72.8702,-43.741],[-72.8823,-43.7417],[-72.8922,-43.7395],[-72.8963,-43.7367],[-72.8973,-43.7346],[-72.9001,-43.7327],[-72.9024,-43.7292],[-72.9054,-43.7286],[-72.9057,-43.7209],[-72.9064,-43.7178],[-72.9102,-43.7117],[-72.9151,-43.7111],[-72.9218,-43.7046],[-72.9217,-43.7005],[-72.9246,-43.7004],[-72.9334,-43.6974],[-72.9404,-43.6979],[-72.9427,-43.6991],[-72.9484,-43.6985],[-72.9562,-43.6989],[-72.9576,-43.7013],[-72.9566,-43.7089],[-72.9575,-43.711],[-72.9609,-43.7136],[-72.9669,-43.7167],[-72.9763,-43.7162],[-72.9829,-43.7136],[-72.9888,-43.7139],[-72.9932,-43.7148],[-72.9995,-43.7184],[-73.0048,-43.7197],[-73.0076,-43.7179],[-73.0106,-43.718],[-73.0164,-43.7222],[-73.0181,-43.7221],[-73.0216,-43.7201],[-73.0262,-43.7204],[-73.0303,-43.7234],[-73.033,-43.7237],[-73.0354,-43.7276],[-73.0352,-43.7339],[-73.0418,-43.7353],[-73.044,-43.7372],[-73.0487,-43.7385],[-73.0456,-43.731],[-73.0469,-43.7298],[-73.0464,-43.7274],[-73.0422,-43.7235],[-73.0431,-43.7221],[-73.0373,-43.7153],[-73.0323,-43.7133],[-73.0318,-43.7114],[-73.0251,-43.7103],[-73.0223,-43.7081],[-73.0172,-43.7087],[-73.0157,-43.7063],[-73.008,-43.7037],[-73.0065,-43.7014],[-73.0024,-43.7],[-72.9982,-43.6973],[-72.9948,-43.6976],[-72.9924,-43.6965],[-72.9871,-43.6961],[-72.984,-43.6932],[-72.9782,-43.692],[-72.9746,-43.6901],[-72.9713,-43.6862],[-72.9678,-43.6832],[-72.9662,-43.6831],[-72.962,-43.6756],[-72.9624,-43.6733],[-72.9588,-43.6675],[-72.9546,-43.6578],[-72.95,-43.6544],[-72.945,-43.6518],[-72.9456,-43.6492],[-72.9518,-43.6441],[-72.9535,-43.6399],[-72.9522,-43.6372],[-72.9499,-43.6372],[-72.9476,-43.6356],[-72.9431,-43.6348],[-72.9333,-43.6304],[-72.9272,-43.6313],[-72.9241,-43.6311],[-72.9159,-43.6268],[-72.9105,-43.6209],[-72.9071,-43.6189],[-72.9058,-43.6147],[-72.9021,-43.6115],[-72.9007,-43.609],[-72.8961,-43.6066],[-72.8939,-43.6097],[-72.8939,-43.6127],[-72.8912,-43.6155],[-72.8925,-43.62],[-72.8924,-43.6239],[-72.8879,-43.6251],[-72.8844,-43.6224],[-72.8778,-43.614],[-72.8743,-43.6111],[-72.8755,-43.6087],[-72.8812,-43.6054],[-72.8831,-43.6054],[-72.8859,-43.6012],[-72.8852,-43.6002],[-72.8873,-43.5951],[-72.8863,-43.5871],[-72.8849,-43.5852],[-72.8854,-43.5804],[-72.8906,-43.5809],[-72.8909,-43.5824],[-72.8967,-43.583],[-72.9018,-43.5905],[-72.9042,-43.5915],[-72.9085,-43.5977],[-72.909,-43.6023],[-72.9104,-43.605],[-72.9123,-43.6062],[-72.9169,-43.606],[-72.9191,-43.602],[-72.921,-43.6],[-72.9277,-43.5982],[-72.9292,-43.6036],[-72.9343,-43.6046],[-72.9396,-43.6046],[-72.9421,-43.6024],[-72.9396,-43.5992],[-72.9425,-43.5981],[-72.9524,-43.5978],[-72.9556,-43.5994],[-72.9551,-43.6049],[-72.9562,-43.6056],[-72.9594,-43.6007],[-72.9599,-43.5977],[-72.9623,-43.5923],[-72.9671,-43.5887],[-72.9728,-43.5903],[-72.9776,-43.5895],[-72.9817,-43.5905],[-72.9851,-43.5904],[-72.9895,-43.5889],[-72.9921,-43.5911],[-72.9952,-43.5908],[-72.9996,-43.5925],[-73.0016,-43.5886],[-73.0063,-43.5831],[-73.0116,-43.5799],[-73.0146,-43.5767],[-73.0162,-43.5727],[-73.0173,-43.5643],[-73.0206,-43.5511],[-73.0238,-43.5437],[-73.0279,-43.5369],[-73.0316,-43.5341],[-73.0384,-43.5364],[-73.043,-43.5371],[-73.0468,-43.5357],[-73.0522,-43.5279],[-73.0519,-43.5238],[-73.0495,-43.5222],[-73.0437,-43.5206],[-73.0431,-43.5166],[-73.046,-43.5172],[-73.0512,-43.5163],[-73.0548,-43.5113],[-73.0564,-43.5074],[-73.0554,-43.503],[-73.0555,-43.5001],[-73.0578,-43.4969],[-73.0643,-43.4893],[-73.0687,-43.485],[-73.0708,-43.4823],[-73.0814,-43.4754],[-73.0827,-43.4716],[-73.0847,-43.4684],[-73.0888,-43.4669],[-73.0907,-43.4629],[-73.0854,-43.4616],[-73.0849,-43.4569],[-73.0905,-43.4535],[-73.0875,-43.4505],[-73.0881,-43.4451],[-73.0895,-43.4427],[-73.0887,-43.4379],[-73.0916,-43.4349],[-73.0897,-43.4326],[-73.0795,-43.4256],[-73.0786,-43.4231],[-73.0706,-43.4216],[-73.0645,-43.4193],[-73.06,-43.4155],[-73.0582,-43.412],[-73.0565,-43.404],[-73.0569,-43.4022],[-73.051,-43.3963],[-73.0502,-43.3942],[-73.0506,-43.3894],[-73.0534,-43.3845],[-73.0535,-43.3793],[-73.0561,-43.3718],[-73.0571,-43.366],[-73.0584,-43.3625],[-73.0608,-43.3584],[-73.0643,-43.35],[-73.0638,-43.3449],[-73.0641,-43.3379],[-73.063,-43.3354],[-73.0626,-43.3297],[-73.0615,-43.3235],[-73.0578,-43.319],[-73.0543,-43.3175],[-73.0511,-43.3172],[-73.0454,-43.3142],[-73.0398,-43.3124],[-73.0357,-43.3103],[-73.0327,-43.3098],[-73.0271,-43.306],[-73.0204,-43.3009],[-73.0171,-43.2995],[-73.0036,-43.2919],[-72.9973,-43.2853],[-72.9874,-43.2798],[-72.9819,-43.276],[-72.9796,-43.2721],[-72.9805,-43.2682],[-72.9784,-43.2674],[-72.9768,-43.2708],[-72.9743,-43.2705],[-72.9713,-43.2688],[-72.9664,-43.2645],[-72.9634,-43.2644],[-72.9617,-43.2618],[-72.955,-43.2585],[-72.9471,-43.2565],[-72.9446,-43.255],[-72.9343,-43.2518],[-72.9336,-43.253],[-72.9278,-43.2525],[-72.9229,-43.2528],[-72.9161,-43.2524],[-72.9133,-43.2535],[-72.9077,-43.2534],[-72.903,-43.2525],[-72.8903,-43.2486],[-72.8815,-43.244],[-72.874,-43.2379],[-72.8716,-43.2341],[-72.8718,-43.2295],[-72.8738,-43.2262],[-72.8765,-43.2164],[-72.8792,-43.2128],[-72.8793,-43.2115],[-72.8823,-43.2081],[-72.8839,-43.2052],[-72.8855,-43.1966],[-72.8878,-43.1908],[-72.8886,-43.185],[-72.8905,-43.1802],[-72.8913,-43.1723],[-72.8931,-43.1688],[-72.8921,-43.1673],[-72.8931,-43.1624],[-72.8947,-43.1598],[-72.906,-43.1498],[-72.9053,-43.1468],[-72.908,-43.1451],[-72.9071,-43.1435],[-72.9084,-43.1407],[-72.911,-43.1381],[-72.9104,-43.1352],[-72.914,-43.1287],[-72.9111,-43.1262],[-72.9128,-43.1232],[-72.9116,-43.1214],[-72.9052,-43.1183],[-72.9015,-43.1111],[-72.896,-43.1072],[-72.8948,-43.1043],[-72.8961,-43.0987],[-72.8919,-43.0934],[-72.8915,-43.0882],[-72.889,-43.0845],[-72.888,-43.0776],[-72.887,-43.0741],[-72.8811,-43.0737],[-72.8788,-43.0717],[-72.8748,-43.0709],[-72.8716,-43.0685],[-72.8692,-43.0639],[-72.8692,-43.062],[-72.866,-43.0596],[-72.8664,-43.0554],[-72.8644,-43.0527],[-72.8646,-43.045],[-72.8637,-43.0416],[-72.8648,-43.0389],[-72.862,-43.0386],[-72.8604,-43.0368],[-72.8617,-43.0334],[-72.8595,-43.0304],[-72.8592,-43.0284],[-72.8566,-43.0284],[-72.8548,-43.0265],[-72.8501,-43.0283],[-72.8419,-43.0239],[-72.8324,-43.0213],[-72.8311,-43.0232],[-72.8236,-43.0245],[-72.8186,-43.0249],[-72.815,-43.0266],[-72.8106,-43.0268],[-72.8076,-43.0253],[-72.807,-43.0239],[-72.8036,-43.0233],[-72.8008,-43.0266],[-72.7973,-43.0255],[-72.7941,-43.0273],[-72.7893,-43.0265],[-72.7868,-43.0279],[-72.7864,-43.0299],[-72.7812,-43.0288],[-72.7792,-43.0333],[-72.7797,-43.037],[-72.7816,-43.0388],[-72.78,-43.042],[-72.7762,-43.0431],[-72.774,-43.0483],[-72.7742,-43.0556],[-72.7728,-43.0577],[-72.766,-43.0608],[-72.7627,-43.0615],[-72.7585,-43.0639],[-72.759,-43.0681],[-72.756,-43.0702],[-72.7517,-43.076],[-72.745,-43.0767],[-72.7424,-43.0788],[-72.74,-43.0825],[-72.7291,-43.0821],[-72.7277,-43.0807],[-72.7262,-43.0759],[-72.729,-43.0692],[-72.7319,-43.0672],[-72.7321,-43.0646],[-72.735,-43.0621],[-72.7371,-43.0564],[-72.741,-43.0517],[-72.7433,-43.0503],[-72.7434,-43.0484],[-72.7457,-43.0445],[-72.7464,-43.0414],[-72.7459,-43.0381],[-72.7467,-43.0338],[-72.7503,-43.0303],[-72.7485,-43.0272],[-72.7485,-43.0235],[-72.7502,-43.0177],[-72.7512,-43.0122],[-72.7536,-43.0089],[-72.7616,-43.0066],[-72.7672,-43.0089],[-72.7682,-43.005],[-72.77,-43.0054],[-72.7705,-43.0085],[-72.7744,-43.0082],[-72.7767,-43.0064],[-72.7774,-43.002],[-72.78,-43.0],[-72.7799,-42.9956],[-72.7806,-42.9903],[-72.7833,-42.9823],[-72.7847,-42.9808],[-72.7861,-42.9762],[-72.7885,-42.9729],[-72.7909,-42.9743],[-72.7938,-42.9713],[-72.7943,-42.9678],[-72.7916,-42.9668],[-72.7958,-42.9634],[-72.7992,-42.9631],[-72.8033,-42.9612],[-72.8024,-42.9562],[-72.8048,-42.9525],[-72.8088,-42.9524],[-72.8144,-42.9537],[-72.8174,-42.9517],[-72.8164,-42.9485],[-72.8125,-42.9469],[-72.8085,-42.943],[-72.8104,-42.9425],[-72.8116,-42.9381],[-72.811,-42.9333],[-72.8082,-42.9327],[-72.8069,-42.9352],[-72.8044,-42.9348],[-72.7995,-42.9372],[-72.7981,-42.9367],[-72.792,-42.9382],[-72.7857,-42.939],[-72.7783,-42.9442],[-72.7757,-42.9442],[-72.7741,-42.9457],[-72.7708,-42.9464],[-72.7635,-42.9466],[-72.7651,-42.9451],[-72.7696,-42.943],[-72.7707,-42.9397],[-72.768,-42.9399],[-72.7634,-42.9381],[-72.7621,-42.9358],[-72.7556,-42.9348],[-72.7524,-42.9364],[-72.7497,-42.933],[-72.7482,-42.9372],[-72.7429,-42.9396],[-72.7414,-42.9389],[-72.7433,-42.9359],[-72.7468,-42.9325],[-72.7494,-42.9274],[-72.7382,-42.9237],[-72.7357,-42.9234],[-72.7362,-42.9282],[-72.7339,-42.9318],[-72.7314,-42.9315],[-72.7312,-42.9252],[-72.7284,-42.9215],[-72.725,-42.9211],[-72.7194,-42.9228],[-72.7178,-42.9199],[-72.7131,-42.9159],[-72.7127,-42.9137],[-72.7159,-42.9119],[-72.7196,-42.9116],[-72.7197,-42.9062],[-72.7232,-42.9038],[-72.7262,-42.8998],[-72.7286,-42.8984],[-72.733,-42.8989],[-72.7419,-42.8941],[-72.7451,-42.894],[-72.7516,-42.8851],[-72.7564,-42.8811],[-72.7607,-42.8799],[-72.7671,-42.8791],[-72.7695,-42.8814],[-72.7721,-42.8826],[-72.7765,-42.8825],[-72.7794,-42.8809],[-72.7857,-42.8788],[-72.7879,-42.8753],[-72.7908,-42.876],[-72.7958,-42.8732],[-72.7952,-42.8718],[-72.7997,-42.8679],[-72.8021,-42.864],[-72.8022,-42.8608],[-72.8005,-42.8591],[-72.7988,-42.8556],[-72.8004,-42.8523],[-72.8058,-42.8486],[-72.8141,-42.8447],[-72.8185,-42.8415],[-72.8251,-42.8374],[-72.8319,-42.8372],[-72.8354,-42.8342],[-72.8374,-42.8282],[-72.8381,-42.8165],[-72.8372,-42.8131],[-72.835,-42.8081],[-72.8357,-42.8004],[-72.8394,-42.797],[-72.8412,-42.7913],[-72.8484,-42.7822],[-72.85,-42.7792],[-72.8507,-42.7745],[-72.8556,-42.7678],[-72.8478,-42.768],[-72.8431,-42.7662],[-72.8484,-42.7617],[-72.8482,-42.7598],[-72.8427,-42.7566],[-72.8391,-42.7557],[-72.8361,-42.752],[-72.8367,-42.7486],[-72.8343,-42.7452],[-72.8364,-42.7415],[-72.8412,-42.742],[-72.8394,-42.7381],[-72.8398,-42.7365],[-72.8427,-42.7359],[-72.8461,-42.7332],[-72.8435,-42.7292],[-72.8433,-42.727],[-72.8448,-42.7247],[-72.846,-42.7205],[-72.8445,-42.7161],[-72.8453,-42.7137],[-72.8432,-42.7087],[-72.8398,-42.7054],[-72.8372,-42.707],[-72.8363,-42.7111],[-72.8349,-42.7135],[-72.8308,-42.7142],[-72.8294,-42.7128],[-72.8252,-42.7128],[-72.8213,-42.7097],[-72.8163,-42.7088],[-72.8124,-42.707],[-72.8088,-42.7066],[-72.8067,-42.7055],[-72.8065,-42.7018],[-72.8051,-42.7002],[-72.8058,-42.6984],[-72.8058,-42.693],[-72.807,-42.6909],[-72.807,-42.6871],[-72.8051,-42.6829],[-72.8055,-42.6777],[-72.8102,-42.6755],[-72.8123,-42.6733],[-72.8182,-42.6735],[-72.8202,-42.6725],[-72.822,-42.6692],[-72.8266,-42.6684],[-72.8323,-42.6662],[-72.834,-42.6624],[-72.831,-42.6584],[-72.8317,-42.6535],[-72.8362,-42.6481],[-72.8392,-42.6413],[-72.84,-42.6344],[-72.8443,-42.6279],[-72.8444,-42.6262],[-72.8483,-42.6237],[-72.8507,-42.6212],[-72.8551,-42.6212],[-72.8559,-42.6195],[-72.8549,-42.6159],[-72.8519,-42.614],[-72.8483,-42.6135],[-72.8461,-42.6102],[-72.8425,-42.6068],[-72.8423,-42.6046],[-72.8403,-42.6015],[-72.8454,-42.596],[-72.8459,-42.594],[-72.8484,-42.5928],[-72.8491,-42.5906],[-72.848,-42.5854],[-72.8465,-42.5833],[-72.8433,-42.5828],[-72.8439,-42.5889],[-72.8373,-42.5877],[-72.8361,-42.584],[-72.835,-42.5834],[-72.8333,-42.5796],[-72.8355,-42.5769],[-72.8361,-42.5736],[-72.8272,-42.5654],[-72.8295,-42.5591],[-72.8276,-42.559],[-72.8245,-42.5567],[-72.8262,-42.555],[-72.8243,-42.5517],[-72.8252,-42.5459],[-72.8242,-42.5418],[-72.8208,-42.5364],[-72.822,-42.5317],[-72.8211,-42.5266],[-72.8188,-42.5249],[-72.82,-42.5228],[-72.8164,-42.5211],[-72.813,-42.5181],[-72.8105,-42.515],[-72.812,-42.5129],[-72.8119,-42.5086],[-72.8134,-42.5071],[-72.8095,-42.5051],[-72.8059,-42.5048],[-72.8046,-42.5074],[-72.7987,-42.5042],[-72.7998,-42.5019],[-72.7987,-42.5007],[-72.7931,-42.5003],[-72.7895,-42.501],[-72.7874,-42.5028],[-72.7853,-42.5021],[-72.7838,-42.5038],[-72.7802,-42.5038],[-72.7786,-42.5058],[-72.7762,-42.5055],[-72.7727,-42.5066],[-72.7716,-42.5085],[-72.7665,-42.5087],[-72.7654,-42.5102],[-72.759,-42.5136],[-72.7536,-42.5153],[-72.7482,-42.5143],[-72.7447,-42.5155],[-72.74,-42.5152],[-72.735,-42.5141],[-72.7303,-42.5152],[-72.7236,-42.515],[-72.72,-42.5161],[-72.7121,-42.5132],[-72.7068,-42.5167],[-72.7037,-42.5196],[-72.6949,-42.5231],[-72.6915,-42.5232],[-72.6882,-42.5218],[-72.6835,-42.5219],[-72.6804,-42.5229],[-72.676,-42.521],[-72.673,-42.522],[-72.6698,-42.5245],[-72.6694,-42.5261],[-72.6657,-42.5272],[-72.6626,-42.5257],[-72.6608,-42.5294],[-72.6585,-42.5311],[-72.6532,-42.5336],[-72.6486,-42.5366],[-72.6453,-42.5361],[-72.6419,-42.5367],[-72.6388,-42.5383],[-72.635,-42.5385],[-72.628,-42.5431],[-72.6245,-42.5449],[-72.6205,-42.5438],[-72.6158,-42.5474],[-72.6163,-42.5509],[-72.6122,-42.553],[-72.6028,-42.5597],[-72.599,-42.559],[-72.5984,-42.5563],[-72.5937,-42.553],[-72.5877,-42.5535],[-72.5809,-42.5561],[-72.5801,-42.5586],[-72.5768,-42.5577],[-72.5732,-42.5579],[-72.5725,-42.5615],[-72.5728,-42.5656],[-72.5715,-42.5683],[-72.5691,-42.5694],[-72.5624,-42.576],[-72.5562,-42.5791],[-72.552,-42.5818],[-72.5428,-42.5825],[-72.5404,-42.5839],[-72.5362,-42.5803],[-72.53,-42.5744],[-72.5227,-42.5709],[-72.5175,-42.5697],[-72.5119,-42.5702],[-72.5073,-42.5724],[-72.5013,-42.5729],[-72.4966,-42.5703],[-72.493,-42.5691],[-72.4927,-42.5667],[-72.4906,-42.5643],[-72.4902,-42.5609],[-72.4915,-42.558],[-72.4898,-42.5528],[-72.4945,-42.5508],[-72.4972,-42.5515],[-72.5005,-42.5506],[-72.5012,-42.5561],[-72.5036,-42.5638],[-72.5036,-42.5666],[-72.5052,-42.5709],[-72.5072,-42.5716],[-72.5101,-42.5697],[-72.5136,-42.569],[-72.5145,-42.5674],[-72.5203,-42.567],[-72.5264,-42.5658],[-72.5292,-42.5624],[-72.5289,-42.5592],[-72.531,-42.5593],[-72.5343,-42.5573],[-72.5299,-42.5539],[-72.5266,-42.5524],[-72.5237,-42.5488],[-72.5205,-42.5466],[-72.5224,-42.5457],[-72.5275,-42.5459],[-72.5316,-42.5454],[-72.5447,-42.5462],[-72.5486,-42.5458],[-72.5519,-42.5444],[-72.5589,-42.5386],[-72.5696,-42.5345],[-72.5761,-42.5331],[-72.5775,-42.5336],[-72.5842,-42.5335],[-72.5884,-42.532],[-72.5926,-42.5318],[-72.5935,-42.5303],[-72.5978,-42.5298],[-72.6015,-42.5267],[-72.6074,-42.5241],[-72.6102,-42.521],[-72.6151,-42.5198],[-72.6183,-42.5184],[-72.6202,-42.5208],[-72.6247,-42.5177],[-72.6265,-42.5155],[-72.6308,-42.5133],[-72.632,-42.5089],[-72.6385,-42.5022],[-72.6406,-42.5008],[-72.6434,-42.4975],[-72.6489,-42.4948],[-72.6511,-42.4904],[-72.6559,-42.4871],[-72.66,-42.4827],[-72.6634,-42.4814],[-72.6654,-42.4778],[-72.6707,-42.4746],[-72.672,-42.4719],[-72.679,-42.4692],[-72.683,-42.466],[-72.6848,-42.4618],[-72.6849,-42.4595],[-72.6882,-42.4564],[-72.6924,-42.4501],[-72.6932,-42.446],[-72.6978,-42.4428],[-72.6986,-42.439],[-72.7022,-42.4368],[-72.7033,-42.4349],[-72.7047,-42.4268],[-72.7058,-42.4233],[-72.7049,-42.4213],[-72.7019,-42.4182],[-72.6998,-42.4172],[-72.6989,-42.4142],[-72.7002,-42.4125],[-72.6999,-42.4098],[-72.7047,-42.4045],[-72.7154,-42.4039],[-72.7174,-42.4025],[-72.7204,-42.4027],[-72.7264,-42.4075],[-72.7291,-42.4022],[-72.7332,-42.4006],[-72.7362,-42.3973],[-72.742,-42.3936],[-72.7503,-42.3895],[-72.7541,-42.3894],[-72.7584,-42.3867],[-72.7613,-42.3819],[-72.7599,-42.3806],[-72.7629,-42.3782],[-72.7665,-42.3772],[-72.7673,-42.3753],[-72.7671,-42.3717],[-72.7713,-42.3648],[-72.7736,-42.3578],[-72.7757,-42.3487],[-72.7797,-42.3434],[-72.7828,-42.3403],[-72.7876,-42.3317],[-72.7877,-42.33],[-72.7905,-42.3239],[-72.7905,-42.3204],[-72.7896,-42.3182],[-72.7872,-42.3167],[-72.7854,-42.3133],[-72.789,-42.3099],[-72.7932,-42.3117],[-72.7983,-42.3154],[-72.801,-42.3199],[-72.8065,-42.3238],[-72.8125,-42.3237],[-72.8155,-42.3224],[-72.8228,-42.3226],[-72.829,-42.3208],[-72.8322,-42.3185],[-72.8344,-42.3138],[-72.8353,-42.3097],[-72.8347,-42.3069],[-72.8358,-42.3059],[-72.8344,-42.3023],[-72.8375,-42.2982],[-72.8396,-42.2976],[-72.8403,-42.294],[-72.8392,-42.2924],[-72.8358,-42.2918],[-72.8298,-42.2935],[-72.8229,-42.2916],[-72.8199,-42.2899],[-72.818,-42.2878],[-72.8147,-42.287],[-72.8083,-42.2835],[-72.8064,-42.2789],[-72.8043,-42.2799],[-72.8023,-42.2784],[-72.8018,-42.2755],[-72.7965,-42.2736],[-72.7983,-42.2722],[-72.7962,-42.2691],[-72.7927,-42.2672],[-72.7917,-42.2651],[-72.7881,-42.2612],[-72.7869,-42.2585],[-72.7831,-42.2574],[-72.7797,-42.251],[-72.7745,-42.2469],[-72.772,-42.2432],[-72.767,-42.2411],[-72.765,-42.2413],[-72.7644,-42.2458],[-72.7614,-42.2464],[-72.7578,-42.2458],[-72.7519,-42.2426],[-72.7508,-42.2395],[-72.7559,-42.2346],[-72.7541,-42.2322],[-72.7446,-42.2297],[-72.7436,-42.2264],[-72.7366,-42.2236],[-72.7345,-42.2253],[-72.7273,-42.2261],[-72.7203,-42.2238],[-72.7156,-42.2253],[-72.7107,-42.2244],[-72.7092,-42.2255],[-72.7022,-42.225],[-72.7013,-42.2233],[-72.6978,-42.2237],[-72.6936,-42.2223],[-72.6895,-42.2227],[-72.6872,-42.2252],[-72.6812,-42.2258],[-72.6709,-42.2247],[-72.6626,-42.2215],[-72.6578,-42.2187],[-72.652,-42.2187],[-72.6468,-42.2174],[-72.6412,-42.2135],[-72.6352,-42.2135],[-72.6304,-42.213],[-72.6217,-42.2105],[-72.6169,-42.2097],[-72.6079,-42.2047],[-72.6033,-42.2007],[-72.6009,-42.1963],[-72.5937,-42.1924],[-72.5929,-42.1909],[-72.5892,-42.1881],[-72.5821,-42.1883],[-72.5794,-42.1902],[-72.5778,-42.1955],[-72.5738,-42.1976],[-72.5717,-42.1979],[-72.5681,-42.2001],[-72.5594,-42.2005],[-72.5567,-42.2036],[-72.5521,-42.2063],[-72.5507,-42.2081],[-72.5476,-42.209],[-72.5429,-42.2113],[-72.5398,-42.2154],[-72.5401,-42.2182],[-72.536,-42.2202],[-72.5337,-42.2224],[-72.5357,-42.227],[-72.5341,-42.2292],[-72.5337,-42.2329],[-72.53,-42.2363],[-72.5244,-42.2399],[-72.519,-42.2419],[-72.5161,-42.2417],[-72.5142,-42.2459],[-72.5148,-42.2527],[-72.5158,-42.254],[-72.5142,-42.2603],[-72.5168,-42.2653],[-72.5237,-42.27],[-72.5251,-42.2725],[-72.5243,-42.2771],[-72.5213,-42.2802],[-72.5219,-42.2858],[-72.5201,-42.2883],[-72.5213,-42.2906],[-72.5199,-42.2976],[-72.5215,-42.2999],[-72.5201,-42.307],[-72.5187,-42.3098],[-72.5168,-42.3108],[-72.5148,-42.3138],[-72.5154,-42.3167],[-72.5138,-42.3183],[-72.513,-42.3215],[-72.5099,-42.3249],[-72.5092,-42.3299],[-72.5076,-42.3342],[-72.5093,-42.336],[-72.5088,-42.342],[-72.5063,-42.3492],[-72.5038,-42.3515],[-72.5012,-42.3568],[-72.4995,-42.3578],[-72.4963,-42.3619],[-72.4959,-42.3639],[-72.4935,-42.3665],[-72.4923,-42.3697],[-72.4897,-42.3695],[-72.4846,-42.3721],[-72.4819,-42.3713],[-72.4769,-42.3722],[-72.4764,-42.3769],[-72.4729,-42.3785],[-72.4725,-42.3799],[-72.4681,-42.3818],[-72.4626,-42.3864],[-72.4597,-42.3903],[-72.4579,-42.391],[-72.4558,-42.3941],[-72.455,-42.3972],[-72.4536,-42.3986],[-72.4559,-42.4014],[-72.4534,-42.4052],[-72.4548,-42.4089],[-72.4535,-42.4118],[-72.4514,-42.4122],[-72.4485,-42.4142],[-72.4478,-42.4175],[-72.4515,-42.4207],[-72.4523,-42.4272],[-72.4534,-42.4285],[-72.4546,-42.4358],[-72.456,-42.4393],[-72.4561,-42.4482],[-72.4545,-42.4518],[-72.4502,-42.4535],[-72.4453,-42.4568],[-72.4452,-42.4588],[-72.4478,-42.4616],[-72.4511,-42.4631],[-72.4482,-42.4681],[-72.4459,-42.4706],[-72.4402,-42.4741],[-72.4365,-42.4735],[-72.4352,-42.476],[-72.4376,-42.4777],[-72.4378,-42.4795],[-72.4404,-42.4816],[-72.4409,-42.4838],[-72.4399,-42.4878],[-72.437,-42.4886],[-72.4348,-42.4876],[-72.4327,-42.4839],[-72.4249,-42.4797],[-72.4233,-42.4793]]]]}},{"type":"Feature","properties":{"codigo_comuna":"10403","codigo_provincia":"104","codigo_region":"00010","comuna":"Hualaihué"},"geometry":{"type":"MultiPolygon","coordinates":[[[[-72.5945,-42.1546],[-72.5899,-42.155],[-72.5862,-42.1576],[-72.5893,-42.1608],[-72.5918,-42.1607],[-72.5978,-42.1624],[-72.6034,-42.1593],[-72.6037,-42.1575],[-72.5967,-42.1564],[-72.5945,-42.1546]]],[[[-72.6139,-42.1252],[-72.6116,-42.1258],[-72.6127,-42.1282],[-72.6158,-42.1274],[-72.6139,-42.1252]]],[[[-72.5312,-42.0727],[-72.5253,-42.0738],[-72.5207,-42.0763],[-72.5181,-42.0762],[-72.513,-42.0732],[-72.5098,-42.0725],[-72.5045,-42.0727],[-72.5005,-42.0738],[-72.4972,-42.0759],[-72.4928,-42.0773],[-72.4892,-42.08],[-72.4848,-42.0807],[-72.4851,-42.0849],[-72.482,-42.0871],[-72.482,-42.0886],[-72.4797,-42.0906],[-72.4816,-42.0932],[-72.4835,-42.0932],[-72.4896,-42.0971],[-72.4902,-42.0987],[-72.4946,-42.0997],[-72.4948,-42.1027],[-72.4939,-42.1065],[-72.4905,-42.1095],[-72.4886,-42.1163],[-72.487,-42.1181],[-72.4843,-42.1236],[-72.4822,-42.1249],[-72.4817,-42.1278],[-72.4844,-42.1301],[-72.4841,-42.133],[-72.4819,-42.1362],[-72.4838,-42.1381],[-72.4806,-42.1409],[-72.4797,-42.1445],[-72.4812,-42.1499],[-72.4841,-42.1521],[-72.4843,-42.1556],[-72.4852,-42.1586],[-72.4872,-42.1608],[-72.4879,-42.1644],[-72.4899,-42.1691],[-72.4949,-42.1689],[-72.4993,-42.1704],[-72.5022,-42.1692],[-72.5091,-42.1693],[-72.5133,-42.1672],[-72.5185,-42.1632],[-72.524,-42.1612],[-72.5264,-42.1587],[-72.5317,-42.1557],[-72.5357,-42.1524],[-72.5369,-42.1507],[-72.5418,-42.1474],[-72.5433,-42.1453],[-72.548,-42.1439],[-72.5494,-42.1397],[-72.5522,-42.1362],[-72.5604,-42.1365],[-72.5679,-42.1383],[-72.5716,-42.1376],[-72.5746,-42.1317],[-72.5762,-42.1332],[-72.5748,-42.1352],[-72.5794,-42.1359],[-72.5843,-42.132],[-72.5873,-42.1323],[-72.5897,-42.1342],[-72.5977,-42.1347],[-72.602,-42.1341],[-72.6047,-42.1345],[-72.6091,-42.1329],[-72.61,-42.1294],[-72.6075,-42.1263],[-72.6048,-42.1249],[-72.6041,-42.1226],[-72.6015,-42.1219],[-72.6002,-42.1173],[-72.5981,-42.1142],[-72.5917,-42.1153],[-72.5892,-42.113],[-72.5893,-42.1108],[-72.5871,-42.109],[-72.5852,-42.104],[-72.5844,-42.0975],[-72.5815,-42.0907],[-72.5798,-42.088],[-72.5788,-42.0844],[-72.5766,-42.0819],[-72.5724,-42.0787],[-72.5688,-42.0772],[-72.5629,-42.0757],[-72.5585,-42.0757],[-72.5554,-42.0788],[-72.5557,-42.0808],[-72.5599,-42.0923],[-72.5604,-42.0989],[-72.5581,-42.1012],[-72.5557,-42.0988],[-72.5527,-42.094],[-72.5527,-42.0914],[-72.5496,-42.0877],[-72.5483,-42.0846],[-72.5455,-42.083],[-72.5435,-42.08],[-72.537,-42.0738],[-72.5325,-42.0722],[-72.5312,-42.0727]]],[[[-72.6097,-42.0658],[-72.6082,-42.0682],[-72.6112,-42.0712],[-72.6141,-42.0701],[-72.6139,-42.0682],[-72.6097,-42.0658]]],[[[-72.6289,-42.0633],[-72.6188,-42.0657],[-72.6189,-42.0675],[-72.6219,-42.07],[-72.6272,-42.0727],[-72.6287,-42.0728],[-72.6306,-42.0761],[-72.6339,-42.0756],[-72.635,-42.079],[-72.6391,-42.0787],[-72.6442,-42.0798],[-72.646,-42.0758],[-72.6469,-42.0706],[-72.6453,-42.0652],[-72.6401,-42.0633],[-72.6327,-42.0643],[-72.6289,-42.0633]]],[[[-72.5258,-42.0566],[-72.5265,-42.0626],[-72.5309,-42.064],[-72.5361,-42.064],[-72.537,-42.06],[-72.5316,-42.0587],[-72.5258,-42.0566]]],[[[-72.6147,-42.0542],[-72.6192,-42.0578],[-72.6211,-42.0576],[-72.621,-42.0542],[-72.6147,-42.0542]]],[[[-72.5888,-42.0497],[-72.5878,-42.0517],[-72.5914,-42.0542],[-72.5957,-42.0544],[-72.5965,-42.0565],[-72.5989,-42.058],[-72.6019,-42.0572],[-72.6015,-42.0549],[-72.6033,-42.0526],[-72.6022,-42.0507],[-72.5957,-42.052],[-72.5937,-42.0513],[-72.5916,-42.0481],[-72.5888,-42.0497]]],[[[-72.6301,-42.0478],[-72.6273,-42.0494],[-72.6289,-42.0528],[-72.627,-42.0545],[-72.6228,-42.0519],[-72.6206,-42.0523],[-72.6242,-42.0568],[-72.6277,-42.0579],[-72.6346,-42.0593],[-72.6366,-42.0569],[-72.6377,-42.0536],[-72.6328,-42.0512],[-72.6301,-42.0478]]],[[[-72.6451,-42.0155],[-72.6431,-42.0178],[-72.6452,-42.019],[-72.6504,-42.0147],[-72.6488,-42.0138],[-72.6451,-42.0155]]],[[[-72.4613,-41.9855],[-72.4589,-41.9891],[-72.4595,-41.9926],[-72.459,-41.9971],[-72.4613,-42.0028],[-72.4629,-42.0115],[-72.4626,-42.0156],[-72.4604,-42.0201],[-72.4616,-42.0231],[-72.4615,-42.0285],[-72.4633,-42.0316],[-72.4655,-42.0326],[-72.4692,-42.0395],[-72.4714,-42.0418],[-72.4713,-42.0468],[-72.4754,-42.0518],[-72.4748,-42.0536],[-72.4761,-42.0569],[-72.4786,-42.0606],[-72.4775,-42.0615],[-72.4791,-42.0666],[-72.484,-42.0705],[-72.4862,-42.0673],[-72.489,-42.0672],[-72.4906,-42.0636],[-72.4946,-42.0625],[-72.5003,-42.0617],[-72.5018,-42.0622],[-72.5071,-42.0598],[-72.5095,-42.0579],[-72.5123,-42.0574],[-72.5132,-42.0542],[-72.5071,-42.0449],[-72.5084,-42.043],[-72.5042,-42.0353],[-72.4997,-42.0306],[-72.4978,-42.0265],[-72.4981,-42.0249],[-72.4957,-42.0191],[-72.4916,-42.0153],[-72.4871,-42.0132],[-72.4842,-42.0089],[-72.4819,-42.0037],[-72.4778,-41.9993],[-72.4805,-41.9991],[-72.481,-41.9974],[-72.4773,-41.9914],[-72.4731,-41.9898],[-72.4717,-41.9903],[-72.4694,-41.9873],[-72.4637,-41.9855],[-72.4613,-41.9855]]],[[[-72.8112,-41.8672],[-72.8139,-41.8722],[-72.8133,-41.8755],[-72.8179,-41.8777],[-72.8184,-41.8795],[-72.8234,-41.8808],[-72.8262,-41.8767],[-72.823,-41.8743],[-72.8192,-41.8734],[-72.8166,-41.872],[-72.8153,-41.867],[-72.8112,-41.8672]]],[[[-72.1871,-42.1578],[-72.1881,-42.1598],[-72.1867,-42.1615],[-72.1856,-42.1653],[-72.1861,-42.1683],[-72.1847,-42.1714],[-72.186,-42.1722],[-72.1841,-42.1774],[-72.1809,-42.1807],[-72.1773,-42.1818],[-72.1738,-42.1842],[-72.1697,-42.1857],[-72.1678,-42.1878],[-72.1619,-42.1905],[-72.1571,-42.1936],[-72.156,-42.2006],[-72.1574,-42.2036],[-72.1559,-42.2052],[-72.1617,-42.2079],[-72.1661,-42.2134],[-72.1651,-42.2172],[-72.1657,-42.2195],[-72.1637,-42.221],[-72.1599,-42.2257],[-72.1597,-42.2273],[-72.157,-42.2329],[-72.1569,-42.2355],[-72.1544,-42.2403],[-72.1515,-42.2442],[-72.1515,-42.2491],[-72.1559,-42.2496],[-72.1587,-42.2513],[-72.1634,-42.2512],[-72.1677,-42.2529],[-72.169,-42.2552],[-72.1677,-42.2609],[-72.1654,-42.2633],[-72.1626,-42.268],[-72.1544,-42.2731],[-72.1535,-42.2786],[-72.1482,-42.2817],[-72.1398,-42.2911],[-72.1387,-42.2956],[-72.1375,-42.2963],[-72.1348,-42.3013],[-72.133,-42.3029],[-72.135,-42.3049],[-72.1288,-42.3089],[-72.1263,-42.311],[-72.1258,-42.3141],[-72.1236,-42.3164],[-72.1229,-42.3207],[-72.1215,-42.3246],[-72.1288,-42.3275],[-72.133,-42.3265],[-72.1374,-42.3287],[-72.1362,-42.3329],[-72.1378,-42.3355],[-72.1354,-42.3398],[-72.1381,-42.3457],[-72.1377,-42.348],[-72.1324,-42.3534],[-72.1311,-42.3556],[-72.1306,-42.3595],[-72.1325,-42.3615],[-72.1346,-42.3656],[-72.1349,-42.369],[-72.1279,-42.3757],[-72.1296,-42.3777],[-72.1309,-42.3818],[-72.1309,-42.3846],[-72.1297,-42.3863],[-72.1262,-42.3869],[-72.1203,-42.3899],[-72.1192,-42.3926],[-72.1158,-42.3939],[-72.1122,-42.3981],[-72.1076,-42.3974],[-72.1048,-42.3954],[-72.1004,-42.3947],[-72.0937,-42.3961],[-72.089,-42.3956],[-72.0845,-42.3927],[-72.0798,-42.3848],[-72.0773,-42.3829],[-72.0737,-42.3839],[-72.071,-42.3883],[-72.0692,-42.389],[-72.0687,-42.3914],[-72.0644,-42.3935],[-72.0542,-42.3973],[-72.045,-42.3978],[-72.0393,-42.3997],[-72.0297,-42.4064],[-72.0276,-42.4095],[-72.0272,-42.4126],[-72.033,-42.4151],[-72.0343,-42.4164],[-72.0344,-42.4197],[-72.0358,-42.4253],[-72.0336,-42.4272],[-72.0331,-42.4314],[-72.0373,-42.4366],[-72.0375,-42.4391],[-72.0399,-42.4441],[-72.0445,-42.4465],[-72.0462,-42.4481],[-72.0471,-42.4509],[-72.0462,-42.4519],[-72.0342,-42.4542],[-72.0331,-42.4554],[-72.0331,-42.4623],[-72.0325,-42.4652],[-72.0309,-42.4675],[-72.0278,-42.4699],[-72.0249,-42.4746],[-72.0197,-42.4775],[-72.0172,-42.482],[-72.0142,-42.4829],[-72.0137,-42.4855],[-72.0114,-42.4884],[-72.0128,-42.4909],[-72.0117,-42.493],[-72.0119,-42.4957],[-72.0153,-42.4988],[-72.0197,-42.4979],[-72.0279,-42.5033],[-72.0293,-42.5049],[-72.0263,-42.5089],[-72.0279,-42.5106],[-72.0294,-42.5169],[-72.0252,-42.521],[-72.031,-42.523],[-72.0347,-42.5251],[-72.0388,-42.5325],[-72.0422,-42.5359],[-72.0431,-42.5385],[-72.0462,-42.5396],[-72.0495,-42.5426],[-72.0535,-42.544],[-72.0546,-42.5511],[-72.0532,-42.5544],[-72.0558,-42.5566],[-72.0554,-42.5589],[-72.0525,-42.5638],[-72.0555,-42.5661],[-72.0567,-42.5698],[-72.0594,-42.5702],[-72.0645,-42.5725],[-72.0679,-42.571],[-72.0697,-42.5676],[-72.0753,-42.5651],[-72.0792,-42.5686],[-72.0841,-42.5768],[-72.0865,-42.5789],[-72.0894,-42.5789],[-72.0925,-42.5819],[-72.0931,-42.5848],[-72.0961,-42.5864],[-72.0972,-42.5881],[-72.097,-42.593],[-72.1,-42.5942],[-72.1027,-42.5987],[-72.1028,-42.6023],[-72.1097,-42.6027],[-72.1168,-42.6026],[-72.1146,-42.6067],[-72.1136,-42.6138],[-72.1137,-42.6161],[-72.1153,-42.619],[-72.1167,-42.6268],[-72.1184,-42.6285],[-72.1143,-42.6301],[-72.1119,-42.6303],[-72.1055,-42.6293],[-72.1025,-42.6302],[-72.1011,-42.6321],[-72.1008,-42.6353],[-72.0992,-42.6367],[-72.097,-42.6418],[-72.0999,-42.6436],[-72.1011,-42.6462],[-72.108,-42.6483],[-72.1104,-42.6539],[-72.1141,-42.6575],[-72.117,-42.6588],[-72.1203,-42.664],[-72.121,-42.6687],[-72.1222,-42.6721],[-72.1291,-42.6723],[-72.1337,-42.6755],[-72.1347,-42.6787],[-72.1365,-42.6802],[-72.1388,-42.6799],[-72.1424,-42.681],[-72.1479,-42.6814],[-72.1534,-42.6782],[-72.1607,-42.6781],[-72.1635,-42.6762],[-72.1672,-42.6725],[-72.1597,-42.665],[-72.1582,-42.6598],[-72.1589,-42.6562],[-72.1609,-42.6547],[-72.1692,-42.6516],[-72.1718,-42.6462],[-72.1712,-42.6416],[-72.1735,-42.6361],[-72.1768,-42.6338],[-72.1818,-42.6348],[-72.1884,-42.6382],[-72.1919,-42.6426],[-72.1955,-42.6446],[-72.2001,-42.6441],[-72.2019,-42.6449],[-72.2052,-42.6494],[-72.2073,-42.6501],[-72.2163,-42.6503],[-72.2189,-42.6531],[-72.2203,-42.6575],[-72.2194,-42.6629],[-72.2222,-42.6666],[-72.2257,-42.6673],[-72.2313,-42.6632],[-72.2359,-42.6591],[-72.2419,-42.6589],[-72.245,-42.6545],[-72.2466,-42.6496],[-72.2539,-42.6455],[-72.2596,-42.6437],[-72.2624,-42.6435],[-72.2646,-42.6405],[-72.2705,-42.6367],[-72.2757,-42.6359],[-72.276,-42.6323],[-72.2827,-42.6293],[-72.2864,-42.6265],[-72.2876,-42.6277],[-72.2934,-42.6303],[-72.2949,-42.6331],[-72.3058,-42.6373],[-72.3098,-42.6379],[-72.3131,-42.6356],[-72.3141,-42.633],[-72.3188,-42.6276],[-72.3196,-42.6237],[-72.3215,-42.6203],[-72.3239,-42.6176],[-72.3272,-42.6155],[-72.3324,-42.6136],[-72.3382,-42.6101],[-72.3404,-42.6056],[-72.3427,-42.6037],[-72.3488,-42.6016],[-72.3477,-42.5984],[-72.349,-42.595],[-72.3507,-42.593],[-72.3557,-42.5899],[-72.3703,-42.5838],[-72.3747,-42.581],[-72.3767,-42.5812],[-72.3808,-42.5836],[-72.3836,-42.5835],[-72.3925,-42.5797],[-72.3992,-42.5782],[-72.4019,-42.5727],[-72.402,-42.5678],[-72.4046,-42.5622],[-72.4051,-42.5591],[-72.4098,-42.5566],[-72.412,-42.5533],[-72.4115,-42.5479],[-72.4085,-42.5431],[-72.4092,-42.5405],[-72.4084,-42.5384],[-72.4042,-42.5363],[-72.4081,-42.5341],[-72.4082,-42.5309],[-72.4104,-42.5289],[-72.4106,-42.5246],[-72.416,-42.5219],[-72.4177,-42.5202],[-72.416,-42.5161],[-72.4182,-42.5099],[-72.4182,-42.5077],[-72.4162,-42.5049],[-72.4124,-42.5023],[-72.4166,-42.4958],[-72.4233,-42.4793],[-72.4185,-42.4803],[-72.4149,-42.4781],[-72.4117,-42.4769],[-72.41,-42.4752],[-72.4054,-42.4745],[-72.4036,-42.4733],[-72.4005,-42.4734],[-72.3971,-42.469],[-72.4037,-42.4663],[-72.4068,-42.4662],[-72.4127,-42.4625],[-72.4158,-42.4524],[-72.4171,-42.4515],[-72.4165,-42.4481],[-72.4193,-42.4437],[-72.4173,-42.4408],[-72.4193,-42.4344],[-72.4184,-42.4325],[-72.4209,-42.4265],[-72.4229,-42.4245],[-72.422,-42.422],[-72.4194,-42.4187],[-72.4212,-42.4164],[-72.4211,-42.4138],[-72.4245,-42.4104],[-72.4189,-42.4015],[-72.4205,-42.3994],[-72.4203,-42.3954],[-72.4172,-42.3888],[-72.4185,-42.3873],[-72.418,-42.3846],[-72.4151,-42.3785],[-72.4188,-42.3752],[-72.419,-42.3726],[-72.4215,-42.3719],[-72.4235,-42.3735],[-72.4283,-42.3728],[-72.4355,-42.3668],[-72.4381,-42.3635],[-72.439,-42.3604],[-72.4404,-42.3592],[-72.4388,-42.357],[-72.4407,-42.3545],[-72.4488,-42.3503],[-72.4504,-42.3486],[-72.4519,-42.3449],[-72.4571,-42.3439],[-72.4557,-42.3406],[-72.4558,-42.3379],[-72.4597,-42.334],[-72.4611,-42.3306],[-72.4607,-42.3286],[-72.4643,-42.3242],[-72.4657,-42.3201],[-72.4647,-42.3148],[-72.4692,-42.3104],[-72.4675,-42.3097],[-72.4706,-42.3036],[-72.4705,-42.3003],[-72.4684,-42.2946],[-72.4652,-42.2926],[-72.4626,-42.2873],[-72.4607,-42.2856],[-72.4596,-42.2802],[-72.4583,-42.2773],[-72.4566,-42.2762],[-72.4528,-42.2756],[-72.4468,-42.2715],[-72.4471,-42.269],[-72.444,-42.2685],[-72.4397,-42.2693],[-72.4352,-42.2664],[-72.4317,-42.2669],[-72.4251,-42.2667],[-72.4179,-42.2654],[-72.4102,-42.2632],[-72.4061,-42.263],[-72.4045,-42.2618],[-72.4009,-42.2624],[-72.3951,-42.2597],[-72.3967,-42.2538],[-72.396,-42.2512],[-72.394,-42.2493],[-72.3973,-42.2476],[-72.403,-42.2487],[-72.405,-42.2478],[-72.4156,-42.2513],[-72.4226,-42.2526],[-72.4272,-42.2543],[-72.4285,-42.256],[-72.4314,-42.2572],[-72.4367,-42.2556],[-72.4384,-42.256],[-72.4406,-42.2591],[-72.4446,-42.2565],[-72.4478,-42.2558],[-72.4502,-42.2533],[-72.4491,-42.2507],[-72.4492,-42.2468],[-72.4479,-42.2434],[-72.4438,-42.2378],[-72.4436,-42.2353],[-72.4452,-42.2333],[-72.4462,-42.23],[-72.4515,-42.2243],[-72.4535,-42.22],[-72.4549,-42.2188],[-72.4571,-42.2141],[-72.4598,-42.2101],[-72.4592,-42.2082],[-72.4609,-42.2013],[-72.4602,-42.1978],[-72.4583,-42.1938],[-72.4581,-42.191],[-72.4559,-42.1882],[-72.4544,-42.1849],[-72.4522,-42.1835],[-72.4515,-42.1802],[-72.4519,-42.1758],[-72.45,-42.1743],[-72.4508,-42.1722],[-72.4439,-42.165],[-72.4382,-42.1658],[-72.4304,-42.1711],[-72.4224,-42.1722],[-72.4199,-42.1735],[-72.4136,-42.1738],[-72.4116,-42.1731],[-72.409,-42.1756],[-72.4045,-42.1748],[-72.4002,-42.175],[-72.3986,-42.1743],[-72.3987,-42.1713],[-72.3949,-42.1706],[-72.3931,-42.1722],[-72.3879,-42.1718],[-72.3856,-42.1737],[-72.3821,-42.1733],[-72.374,-42.1768],[-72.3702,-42.1762],[-72.3652,-42.1724],[-72.366,-42.1694],[-72.3617,-42.1687],[-72.363,-42.1673],[-72.3686,-42.165],[-72.3755,-42.1647],[-72.3803,-42.1626],[-72.3852,-42.1617],[-72.3922,-42.1614],[-72.397,-42.1636],[-72.3995,-42.163],[-72.4073,-42.1642],[-72.413,-42.1619],[-72.4157,-42.1634],[-72.4174,-42.1619],[-72.4205,-42.1619],[-72.4256,-42.1643],[-72.4321,-42.1625],[-72.4417,-42.1621],[-72.4463,-42.1634],[-72.4511,-42.1623],[-72.4525,-42.1603],[-72.4554,-42.1592],[-72.4586,-42.1548],[-72.4583,-42.1516],[-72.4613,-42.1458],[-72.465,-42.1438],[-72.4648,-42.1405],[-72.4632,-42.1379],[-72.4654,-42.1362],[-72.4634,-42.1331],[-72.464,-42.1308],[-72.4688,-42.1256],[-72.4689,-42.1211],[-72.4671,-42.1178],[-72.464,-42.1152],[-72.4635,-42.1116],[-72.4646,-42.1079],[-72.4627,-42.106],[-72.4589,-42.0996],[-72.4574,-42.0922],[-72.4596,-42.0907],[-72.4608,-42.0883],[-72.4657,-42.086],[-72.4667,-42.0842],[-72.4677,-42.0789],[-72.4643,-42.0756],[-72.4604,-42.0732],[-72.4567,-42.0725],[-72.4532,-42.0674],[-72.4535,-42.0616],[-72.4491,-42.0455],[-72.4463,-42.0393],[-72.4438,-42.036],[-72.4456,-42.0344],[-72.4472,-42.0304],[-72.4445,-42.0274],[-72.4411,-42.0256],[-72.4405,-42.023],[-72.4368,-42.0165],[-72.4362,-42.0086],[-72.4379,-42.0049],[-72.4377,-42.0022],[-72.4388,-42.0001],[-72.4355,-41.9984],[-72.4338,-41.9952],[-72.4342,-41.9914],[-72.4327,-41.9911],[-72.4302,-41.9879],[-72.4295,-41.9848],[-72.4277,-41.9818],[-72.4277,-41.9773],[-72.4363,-41.9765],[-72.4368,-41.9731],[-72.4399,-41.973],[-72.4446,-41.9714],[-72.455,-41.9716],[-72.4609,-41.9679],[-72.4674,-41.9684],[-72.4733,-41.9724],[-72.4811,-41.972],[-72.4857,-41.9713],[-72.4882,-41.97],[-72.4934,-41.9691],[-72.4966,-41.9709],[-72.4992,-41.9755],[-72.4986,-41.979],[-72.5016,-41.9811],[-72.5027,-41.9832],[-72.5087,-41.9872],[-72.5085,-41.9919],[-72.5105,-41.9953],[-72.5097,-41.9969],[-72.513,-42.0036],[-72.5129,-42.0055],[-72.5159,-42.0133],[-72.5159,-42.0153],[-72.5188,-42.0168],[-72.519,-42.0193],[-72.5214,-42.0231],[-72.5257,-42.0279],[-72.5268,-42.0308],[-72.5287,-42.0325],[-72.5314,-42.0368],[-72.5304,-42.0397],[-72.5351,-42.0429],[-72.5408,-42.0428],[-72.5441,-42.0412],[-72.5418,-42.0384],[-72.5457,-42.0375],[-72.5481,-42.0357],[-72.5538,-42.0388],[-72.5591,-42.0402],[-72.5614,-42.0393],[-72.5634,-42.0418],[-72.5662,-42.0429],[-72.5679,-42.0462],[-72.5696,-42.0475],[-72.574,-42.0477],[-72.5757,-42.0462],[-72.5789,-42.0453],[-72.583,-42.0426],[-72.5872,-42.0415],[-72.5897,-42.0402],[-72.5892,-42.0377],[-72.594,-42.0307],[-72.5958,-42.0299],[-72.5958,-42.0198],[-72.5919,-42.0162],[-72.5913,-42.0139],[-72.5881,-42.0132],[-72.5857,-42.0109],[-72.5932,-42.0063],[-72.5996,-42.0062],[-72.6026,-42.009],[-72.6037,-42.0123],[-72.6085,-42.015],[-72.6083,-42.0169],[-72.606,-42.0176],[-72.6047,-42.0275],[-72.6032,-42.0316],[-72.6007,-42.0344],[-72.6036,-42.0394],[-72.6073,-42.0404],[-72.6112,-42.0431],[-72.615,-42.0426],[-72.6202,-42.0392],[-72.6267,-42.0409],[-72.6287,-42.0386],[-72.6309,-42.0401],[-72.6395,-42.0383],[-72.6434,-42.0369],[-72.6439,-42.034],[-72.641,-42.0325],[-72.6377,-42.0322],[-72.6359,-42.0337],[-72.6331,-42.0331],[-72.6337,-42.031],[-72.6388,-42.0311],[-72.6432,-42.0278],[-72.6397,-42.0241],[-72.6363,-42.0234],[-72.6363,-42.0215],[-72.634,-42.0198],[-72.634,-42.0165],[-72.6304,-42.0142],[-72.6323,-42.0122],[-72.6406,-42.0104],[-72.6441,-42.0115],[-72.6515,-42.0076],[-72.654,-42.0075],[-72.6564,-42.0053],[-72.6602,-42.004],[-72.6617,-42.0065],[-72.6644,-42.0048],[-72.6666,-42.0056],[-72.673,-42.0054],[-72.6731,-42.0034],[-72.6778,-42.0045],[-72.6819,-42.0034],[-72.6834,-42.002],[-72.6859,-42.0033],[-72.6853,-42.0094],[-72.6868,-42.0131],[-72.6852,-42.0165],[-72.6851,-42.0196],[-72.6831,-42.0219],[-72.6836,-42.0232],[-72.6877,-42.024],[-72.6863,-42.0292],[-72.6896,-42.0304],[-72.6975,-42.0222],[-72.701,-42.0215],[-72.7038,-42.0193],[-72.7068,-42.0199],[-72.7091,-42.0179],[-72.711,-42.0137],[-72.7153,-42.0078],[-72.7159,-42.006],[-72.7197,-42.0036],[-72.7255,-42.0057],[-72.7291,-42.0046],[-72.7337,-42.0018],[-72.7368,-42.0011],[-72.7412,-41.9989],[-72.7433,-41.9998],[-72.7478,-41.9971],[-72.7485,-41.9931],[-72.7503,-41.9913],[-72.754,-41.9893],[-72.7585,-41.9881],[-72.7639,-41.9892],[-72.7668,-41.9877],[-72.7689,-41.984],[-72.7736,-41.9826],[-72.7826,-41.9814],[-72.7868,-41.9836],[-72.7897,-41.9827],[-72.7939,-41.9798],[-72.7975,-41.9762],[-72.8048,-41.9739],[-72.8128,-41.9734],[-72.8114,-41.9703],[-72.8114,-41.9655],[-72.8141,-41.9548],[-72.808,-41.9492],[-72.8024,-41.9475],[-72.8017,-41.9452],[-72.8059,-41.9408],[-72.8071,-41.9386],[-72.8118,-41.9367],[-72.8162,-41.9379],[-72.8209,-41.9371],[-72.8257,-41.9343],[-72.8302,-41.9329],[-72.8343,-41.9306],[-72.8352,-41.9291],[-72.8418,-41.9262],[-72.8449,-41.9241],[-72.847,-41.9256],[-72.8488,-41.9292],[-72.8531,-41.9301],[-72.8602,-41.9294],[-72.862,-41.9269],[-72.867,-41.9249],[-72.8744,-41.9198],[-72.8782,-41.914],[-72.8753,-41.9114],[-72.871,-41.9089],[-72.8606,-41.9049],[-72.8577,-41.9047],[-72.8537,-41.9056],[-72.8482,-41.9041],[-72.8504,-41.9015],[-72.847,-41.8991],[-72.8381,-41.8989],[-72.8342,-41.8978],[-72.8291,-41.8932],[-72.8273,-41.8875],[-72.8254,-41.8877],[-72.8256,-41.8906],[-72.8216,-41.8916],[-72.8203,-41.8858],[-72.8199,-41.8812],[-72.8165,-41.8781],[-72.8152,-41.879],[-72.8107,-41.8763],[-72.8114,-41.8749],[-72.8113,-41.8695],[-72.8097,-41.8677],[-72.8068,-41.868],[-72.804,-41.8657],[-72.7983,-41.8667],[-72.7972,-41.8646],[-72.7984,-41.8607],[-72.8,-41.8582],[-72.7965,-41.8522],[-72.7934,-41.8506],[-72.7966,-41.8482],[-72.7901,-41.8453],[-72.7898,-41.8429],[-72.791,-41.8374],[-72.7874,-41.834],[-72.7828,-41.8306],[-72.7755,-41.8268],[-72.7469,-41.8146],[-72.7447,-41.8133],[-72.7366,-41.8068],[-72.7318,-41.8044],[-72.7298,-41.8046],[-72.7263,-41.8028],[-72.7243,-41.7993],[-72.7214,-41.7981],[-72.7198,-41.7953],[-72.7138,-41.7918],[-72.7149,-41.7906],[-72.7025,-41.7885],[-72.6954,-41.7811],[-72.6933,-41.7777],[-72.6897,-41.7759],[-72.6827,-41.7686],[-72.6831,-41.7658],[-72.6788,-41.7615],[-72.674,-41.7616],[-72.671,-41.7607],[-72.6648,-41.7562],[-72.6639,-41.7543],[-72.6611,-41.753],[-72.6623,-41.7508],[-72.6599,-41.7466],[-72.6599,-41.7443],[-72.6576,-41.7427],[-72.6538,-41.7425],[-72.6517,-41.741],[-72.6514,-41.7389],[-72.6464,-41.7384],[-72.6446,-41.7368],[-72.6457,-41.7345],[-72.649,-41.7351],[-72.651,-41.7334],[-72.6495,-41.7311],[-72.6476,-41.7319],[-72.641,-41.7325],[-72.6325,-41.7349],[-72.6287,-41.737],[-72.6248,-41.7379],[-72.6201,-41.7368],[-72.6132,-41.7369],[-72.6115,-41.7383],[-72.6107,-41.7455],[-72.6058,-41.7496],[-72.6066,-41.7555],[-72.6118,-41.7619],[-72.6117,-41.7633],[-72.5981,-41.7726],[-72.594,-41.7743],[-72.5953,-41.7793],[-72.5916,-41.7816],[-72.5922,-41.7858],[-72.5962,-41.7888],[-72.5894,-41.7916],[-72.581,-41.7922],[-72.5771,-41.7931],[-72.5745,-41.7947],[-72.5722,-41.7989],[-72.5718,-41.8012],[-72.5728,-41.8033],[-72.5757,-41.8052],[-72.5744,-41.8095],[-72.579,-41.8171],[-72.5739,-41.8191],[-72.5702,-41.8224],[-72.5678,-41.8235],[-72.5647,-41.82],[-72.5606,-41.8185],[-72.5549,-41.8186],[-72.5482,-41.8174],[-72.5445,-41.8203],[-72.5401,-41.8221],[-72.538,-41.8259],[-72.5363,-41.8323],[-72.5349,-41.833],[-72.5291,-41.8323],[-72.5231,-41.833],[-72.5219,-41.8339],[-72.5204,-41.8376],[-72.5201,-41.8429],[-72.5216,-41.8478],[-72.5204,-41.8491],[-72.5125,-41.8486],[-72.5052,-41.8496],[-72.4994,-41.8475],[-72.4956,-41.8479],[-72.4848,-41.84],[-72.4828,-41.8308],[-72.4771,-41.8306],[-72.4733,-41.8318],[-72.4655,-41.8272],[-72.4646,-41.825],[-72.4604,-41.8228],[-72.4563,-41.8239],[-72.4517,-41.8232],[-72.4475,-41.8183],[-72.4406,-41.8131],[-72.4356,-41.8107],[-72.4263,-41.8073],[-72.4216,-41.8042],[-72.4177,-41.8001],[-72.4169,-41.7986],[-72.4135,-41.7967],[-72.4125,-41.7947],[-72.4094,-41.7925],[-72.4094,-41.7907],[-72.4056,-41.7873],[-72.398,-41.7822],[-72.3949,-41.7817],[-72.389,-41.7835],[-72.3804,-41.79],[-72.3763,-41.7947],[-72.3666,-41.8023],[-72.3619,-41.805],[-72.3544,-41.8063],[-72.3524,-41.81],[-72.3498,-41.8108],[-72.3378,-41.8093],[-72.3293,-41.8113],[-72.3259,-41.8137],[-72.3208,-41.8155],[-72.3147,-41.8189],[-72.3104,-41.8177],[-72.3029,-41.8208],[-72.3,-41.8208],[-72.2982,-41.8219],[-72.2973,-41.8256],[-72.2976,-41.829],[-72.2969,-41.8326],[-72.2935,-41.8341],[-72.2899,-41.8371],[-72.2906,-41.8406],[-72.2937,-41.8431],[-72.2983,-41.8532],[-72.2998,-41.8601],[-72.2988,-41.8611],[-72.2918,-41.8602],[-72.2895,-41.8603],[-72.2787,-41.8644],[-72.2761,-41.8704],[-72.2765,-41.8742],[-72.2719,-41.8789],[-72.2703,-41.8826],[-72.2685,-41.8832],[-72.2614,-41.8833],[-72.2525,-41.885],[-72.2493,-41.8864],[-72.241,-41.8867],[-72.2368,-41.8838],[-72.2362,-41.8815],[-72.2319,-41.8769],[-72.2297,-41.8758],[-72.2249,-41.8763],[-72.2129,-41.8826],[-72.2086,-41.8831],[-72.2061,-41.8862],[-72.2031,-41.8875],[-72.1977,-41.8867],[-72.1851,-41.8916],[-72.1824,-41.8941],[-72.1817,-41.8998],[-72.1847,-41.9034],[-72.1893,-41.9065],[-72.1925,-41.9111],[-72.1977,-41.9134],[-72.2015,-41.9138],[-72.209,-41.9135],[-72.2121,-41.9148],[-72.2169,-41.9203],[-72.2136,-41.9224],[-72.2048,-41.9299],[-72.202,-41.9334],[-72.1958,-41.9334],[-72.1898,-41.9352],[-72.1858,-41.9322],[-72.1837,-41.9316],[-72.174,-41.935],[-72.1651,-41.9372],[-72.163,-41.9397],[-72.1599,-41.9527],[-72.1654,-41.9575],[-72.1663,-41.9613],[-72.1697,-41.9664],[-72.1751,-41.9716],[-72.1748,-41.9749],[-72.1817,-41.9831],[-72.1839,-41.9871],[-72.1835,-41.993],[-72.1802,-41.999],[-72.1758,-42.0025],[-72.1739,-42.0054],[-72.1734,-42.0081],[-72.1767,-42.0109],[-72.1832,-42.0128],[-72.1864,-42.0153],[-72.1905,-42.0166],[-72.1998,-42.0168],[-72.2067,-42.018],[-72.2177,-42.0181],[-72.2287,-42.0163],[-72.23,-42.0138],[-72.2272,-42.008],[-72.2287,-42.0041],[-72.2315,-42.0024],[-72.235,-42.0016],[-72.2387,-41.9987],[-72.2516,-41.9938],[-72.2586,-41.9922],[-72.2601,-41.9985],[-72.2619,-41.9999],[-72.2673,-42.0015],[-72.2715,-42.0035],[-72.2782,-42.0049],[-72.2835,-42.0048],[-72.2866,-42.0055],[-72.2881,-42.0079],[-72.2892,-42.0118],[-72.2916,-42.0138],[-72.2971,-42.0167],[-72.3041,-42.0177],[-72.3047,-42.0194],[-72.2993,-42.0285],[-72.2993,-42.0296],[-72.3067,-42.0299],[-72.3139,-42.0342],[-72.3171,-42.038],[-72.3207,-42.0432],[-72.3221,-42.047],[-72.3212,-42.0496],[-72.3225,-42.0545],[-72.3239,-42.0571],[-72.3199,-42.0574],[-72.317,-42.0583],[-72.3129,-42.0585],[-72.3103,-42.0609],[-72.3067,-42.062],[-72.2976,-42.0621],[-72.286,-42.0605],[-72.2803,-42.0612],[-72.2759,-42.0629],[-72.2717,-42.0613],[-72.2659,-42.0608],[-72.2616,-42.0597],[-72.2604,-42.0621],[-72.2601,-42.0676],[-72.2581,-42.0728],[-72.2586,-42.0751],[-72.2609,-42.0765],[-72.2637,-42.0769],[-72.2736,-42.0832],[-72.278,-42.0863],[-72.2747,-42.0916],[-72.2733,-42.0968],[-72.2739,-42.1058],[-72.2716,-42.11],[-72.2715,-42.1141],[-72.2744,-42.1178],[-72.2739,-42.1211],[-72.2661,-42.124],[-72.2627,-42.1261],[-72.2585,-42.1278],[-72.2516,-42.129],[-72.2478,-42.1324],[-72.2442,-42.1345],[-72.2393,-42.1366],[-72.2339,-42.1375],[-72.2274,-42.1375],[-72.2179,-42.1428],[-72.2147,-42.1482],[-72.2133,-42.1547],[-72.2125,-42.1562],[-72.2066,-42.1614],[-72.2051,-42.1622],[-72.2013,-42.1614],[-72.1962,-42.1613],[-72.1938,-42.1597],[-72.1871,-42.1578]]],[[[-72.6817,-41.7296],[-72.6862,-41.7296],[-72.6878,-41.7266],[-72.6857,-41.7255],[-72.6835,-41.7264],[-72.6817,-41.7296]]]]}},{"type":"Feature","properties":{"codigo_comuna":"10106","codigo_provincia":"101","codigo_region":"00010","comuna":"Los Muermos"},"geometry":{"type":"MultiPolygon","coordinates":[[[[-73.4988,-41.535],[-73.4981,-41.5406],[-73.4995,-41.5404],[-73.5006,-41.5363],[-73.4988,-41.535]]],[[[-73.2963,-41.2671],[-73.2944,-41.2921],[-73.3008,-41.292],[-73.3026,-41.2919],[-73.3057,-41.2899],[-73.3075,-41.2903],[-73.3135,-41.2888],[-73.3158,-41.287],[-73.3228,-41.2888],[-73.324,-41.2903],[-73.3229,-41.2956],[-73.3262,-41.2979],[-73.3289,-41.2986],[-73.3317,-41.298],[-73.3356,-41.2983],[-73.3401,-41.3023],[-73.3409,-41.3067],[-73.3383,-41.3115],[-73.3398,-41.3139],[-73.3461,-41.3155],[-73.3476,-41.3178],[-73.3469,-41.3206],[-73.3498,-41.3225],[-73.3522,-41.3225],[-73.3548,-41.3243],[-73.3546,-41.3266],[-73.3567,-41.3329],[-73.3565,-41.3359],[-73.3548,-41.3384],[-73.3565,-41.3409],[-73.3568,-41.3448],[-73.352,-41.3502],[-73.3499,-41.3507],[-73.3481,-41.353],[-73.3499,-41.3544],[-73.3487,-41.3565],[-73.3535,-41.362],[-73.3544,-41.3696],[-73.3518,-41.3715],[-73.3493,-41.3759],[-73.3437,-41.3759],[-73.3399,-41.3753],[-73.3375,-41.3778],[-73.3341,-41.378],[-73.3311,-41.3769],[-73.3291,-41.3787],[-73.3244,-41.3785],[-73.3211,-41.3772],[-73.3187,-41.3782],[-73.3201,-41.3814],[-73.3154,-41.3816],[-73.3134,-41.3799],[-73.3094,-41.3825],[-73.3083,-41.3862],[-73.306,-41.3864],[-73.3037,-41.3907],[-73.3007,-41.3924],[-73.2966,-41.3922],[-73.2967,-41.3964],[-73.2946,-41.3962],[-73.2894,-41.4008],[-73.2887,-41.4028],[-73.284,-41.4001],[-73.2765,-41.4029],[-73.2762,-41.4083],[-73.2738,-41.4096],[-73.2758,-41.413],[-73.276,-41.4161],[-73.2726,-41.419],[-73.2663,-41.4214],[-73.2675,-41.4237],[-73.2629,-41.4267],[-73.2649,-41.4288],[-73.2616,-41.4305],[-73.2595,-41.4353],[-73.2593,-41.439],[-73.2632,-41.4421],[-73.2611,-41.4466],[-73.2598,-41.4476],[-73.2573,-41.4521],[-73.2515,-41.4552],[-73.2507,-41.4586],[-73.2507,-41.463],[-73.2564,-41.4631],[-73.262,-41.47],[-73.2629,-41.474],[-73.2686,-41.4757],[-73.2714,-41.4752],[-73.2748,-41.4714],[-73.2827,-41.4706],[-73.2899,-41.4742],[-73.2926,-41.472],[-73.2995,-41.4719],[-73.3056,-41.4703],[-73.3066,-41.4745],[-73.3056,-41.4763],[-73.3116,-41.4762],[-73.3162,-41.4747],[-73.317,-41.4718],[-73.3188,-41.4705],[-73.3236,-41.4709],[-73.325,-41.4727],[-73.3307,-41.4726],[-73.3344,-41.4742],[-73.3353,-41.4771],[-73.3379,-41.4783],[-73.3408,-41.4815],[-73.3401,-41.4844],[-73.3353,-41.4883],[-73.3345,-41.492],[-73.3328,-41.4955],[-73.3325,-41.4983],[-73.3305,-41.5036],[-73.3325,-41.5078],[-73.3347,-41.5104],[-73.3371,-41.5149],[-73.3446,-41.5213],[-73.3484,-41.5228],[-73.3553,-41.5207],[-73.3579,-41.5191],[-73.3624,-41.5144],[-73.3655,-41.51],[-73.3745,-41.5038],[-73.3807,-41.504],[-73.3828,-41.5035],[-73.3942,-41.5024],[-73.4096,-41.4983],[-73.4152,-41.4958],[-73.4219,-41.4956],[-73.4262,-41.4967],[-73.4317,-41.4971],[-73.4391,-41.5012],[-73.448,-41.5034],[-73.4581,-41.5077],[-73.4636,-41.5105],[-73.4709,-41.5119],[-73.4751,-41.5131],[-73.4851,-41.5174],[-73.4887,-41.5198],[-73.4969,-41.528],[-73.5003,-41.5303],[-73.5034,-41.5352],[-73.5055,-41.5419],[-73.5047,-41.5445],[-73.506,-41.5477],[-73.508,-41.55],[-73.5124,-41.551],[-73.5116,-41.5479],[-73.5145,-41.5488],[-73.5184,-41.5473],[-73.5198,-41.544],[-73.5256,-41.5415],[-73.5229,-41.537],[-73.5255,-41.5367],[-73.5272,-41.534],[-73.5309,-41.5337],[-73.5328,-41.5321],[-73.5368,-41.533],[-73.5367,-41.5363],[-73.5401,-41.5392],[-73.5401,-41.5407],[-73.5422,-41.5441],[-73.5425,-41.5476],[-73.5443,-41.5493],[-73.5435,-41.5507],[-73.5464,-41.5522],[-73.5469,-41.5553],[-73.5533,-41.5558],[-73.557,-41.5549],[-73.5594,-41.5515],[-73.5676,-41.546],[-73.577,-41.5442],[-73.5818,-41.5445],[-73.5835,-41.5465],[-73.5877,-41.5449],[-73.5931,-41.5471],[-73.5965,-41.5503],[-73.6012,-41.5526],[-73.6032,-41.5552],[-73.6052,-41.5554],[-73.6056,-41.5514],[-73.6098,-41.5501],[-73.6171,-41.5531],[-73.623,-41.5584],[-73.6261,-41.5595],[-73.6288,-41.5575],[-73.6358,-41.5577],[-73.6403,-41.5594],[-73.6439,-41.5591],[-73.6473,-41.5572],[-73.6534,-41.5523],[-73.6557,-41.5514],[-73.6574,-41.5484],[-73.6572,-41.5449],[-73.6581,-41.5411],[-73.6606,-41.5382],[-73.6617,-41.5326],[-73.6605,-41.5295],[-73.6655,-41.5264],[-73.6706,-41.5162],[-73.6732,-41.5125],[-73.6764,-41.5104],[-73.6803,-41.5045],[-73.6793,-41.5009],[-73.6826,-41.5007],[-73.6866,-41.4993],[-73.6918,-41.4948],[-73.6965,-41.4954],[-73.699,-41.4933],[-73.7057,-41.4934],[-73.7079,-41.4941],[-73.7224,-41.4942],[-73.7242,-41.4953],[-73.7251,-41.5005],[-73.7269,-41.5023],[-73.7265,-41.5046],[-73.7281,-41.5081],[-73.7279,-41.5106],[-73.7299,-41.513],[-73.7357,-41.5161],[-73.7388,-41.5186],[-73.7507,-41.5184],[-73.7556,-41.5194],[-73.7559,-41.5224],[-73.7594,-41.5246],[-73.7625,-41.5256],[-73.7641,-41.5272],[-73.7664,-41.5267],[-73.7723,-41.5278],[-73.7738,-41.5274],[-73.7797,-41.5235],[-73.7849,-41.5278],[-73.7877,-41.5273],[-73.7894,-41.5249],[-73.7927,-41.5263],[-73.7919,-41.5244],[-73.7941,-41.5189],[-73.7962,-41.5117],[-73.7988,-41.5104],[-73.7993,-41.5058],[-73.8028,-41.5024],[-73.8083,-41.5013],[-73.809,-41.4998],[-73.8169,-41.4961],[-73.8229,-41.4947],[-73.8246,-41.4922],[-73.8255,-41.4889],[-73.8246,-41.4871],[-73.8303,-41.4821],[-73.8299,-41.48],[-73.8324,-41.4778],[-73.8312,-41.4752],[-73.8329,-41.4737],[-73.8335,-41.4711],[-73.8368,-41.4703],[-73.8378,-41.4676],[-73.8415,-41.4639],[-73.8452,-41.4642],[-73.8473,-41.4659],[-73.8505,-41.4648],[-73.854,-41.4616],[-73.8513,-41.4606],[-73.8476,-41.4607],[-73.8436,-41.458],[-73.8433,-41.4555],[-73.8391,-41.4515],[-73.8359,-41.4497],[-73.8346,-41.4476],[-73.8335,-41.4416],[-73.8356,-41.4369],[-73.8406,-41.4319],[-73.8447,-41.4316],[-73.8518,-41.4299],[-73.8541,-41.428],[-73.852,-41.4258],[-73.8532,-41.4247],[-73.8501,-41.4209],[-73.8478,-41.4217],[-73.8432,-41.4189],[-73.8431,-41.4163],[-73.8403,-41.4135],[-73.836,-41.4112],[-73.837,-41.4082],[-73.8407,-41.4066],[-73.8398,-41.4042],[-73.8367,-41.4032],[-73.8379,-41.401],[-73.8345,-41.3975],[-73.8351,-41.3956],[-73.8383,-41.3948],[-73.8414,-41.3977],[-73.8462,-41.3981],[-73.8464,-41.3961],[-73.8375,-41.3938],[-73.8352,-41.3912],[-73.8347,-41.3883],[-73.8363,-41.3865],[-73.8369,-41.3822],[-73.8328,-41.3779],[-73.8318,-41.3748],[-73.8341,-41.3701],[-73.8322,-41.3664],[-73.834,-41.3627],[-73.8318,-41.3569],[-73.836,-41.3546],[-73.838,-41.3503],[-73.8342,-41.3494],[-73.8312,-41.3453],[-73.8319,-41.3433],[-73.8307,-41.3399],[-73.8336,-41.3384],[-73.8328,-41.3348],[-73.8327,-41.3304],[-73.8352,-41.3183],[-73.8376,-41.3137],[-73.8393,-41.3117],[-73.8429,-41.3101],[-73.8418,-41.309],[-73.844,-41.3034],[-73.8478,-41.3022],[-73.8464,-41.3008],[-73.8486,-41.2971],[-73.8461,-41.2944],[-73.8461,-41.2918],[-73.8397,-41.2901],[-73.8393,-41.2888],[-73.843,-41.2854],[-73.8437,-41.2813],[-73.8414,-41.277],[-73.8376,-41.2743],[-73.8316,-41.2719],[-73.8242,-41.2726],[-73.8151,-41.2756],[-73.8132,-41.2754],[-73.8021,-41.2721],[-73.7967,-41.2715],[-73.796,-41.2693],[-73.7966,-41.2654],[-73.7942,-41.2631],[-73.795,-41.2596],[-73.793,-41.2533],[-73.7893,-41.2499],[-73.7808,-41.2458],[-73.7804,-41.2433],[-73.778,-41.2408],[-73.7741,-41.2391],[-73.7698,-41.2336],[-73.7669,-41.2311],[-73.7586,-41.2306],[-73.7544,-41.2298],[-73.7521,-41.2256],[-73.7474,-41.2242],[-73.7442,-41.2209],[-73.7431,-41.2184],[-73.7336,-41.2203],[-73.7308,-41.2189],[-73.7293,-41.2154],[-73.7273,-41.2132],[-73.724,-41.2126],[-73.7169,-41.2124],[-73.7122,-41.2112],[-73.711,-41.2097],[-73.7067,-41.2113],[-73.7025,-41.2113],[-73.6975,-41.2143],[-73.6923,-41.2127],[-73.688,-41.213],[-73.6852,-41.215],[-73.6831,-41.2191],[-73.6826,-41.2234],[-73.6834,-41.2261],[-73.6822,-41.2283],[-73.6781,-41.2308],[-73.6711,-41.2315],[-73.6665,-41.2325],[-73.6655,-41.2346],[-73.6578,-41.2376],[-73.6549,-41.2406],[-73.6522,-41.2418],[-73.6487,-41.2458],[-73.6481,-41.2516],[-73.655,-41.2529],[-73.6591,-41.2526],[-73.6641,-41.2499],[-73.6736,-41.2711],[-73.672,-41.2723],[-73.6682,-41.2721],[-73.662,-41.276],[-73.6579,-41.2802],[-73.6544,-41.2896],[-73.6577,-41.2944],[-73.6568,-41.2964],[-73.6531,-41.2974],[-73.6517,-41.2995],[-73.6489,-41.3008],[-73.6486,-41.3035],[-73.6426,-41.3074],[-73.6438,-41.3089],[-73.6422,-41.3118],[-73.6392,-41.3122],[-73.63,-41.3068],[-73.6241,-41.3078],[-73.6192,-41.3059],[-73.6165,-41.3064],[-73.6128,-41.3033],[-73.6104,-41.3027],[-73.606,-41.299],[-73.5983,-41.2998],[-73.5939,-41.301],[-73.5904,-41.3003],[-73.5836,-41.3023],[-73.5824,-41.3035],[-73.5776,-41.3039],[-73.5697,-41.3057],[-73.5647,-41.3075],[-73.5633,-41.3097],[-73.5654,-41.3119],[-73.5579,-41.3129],[-73.557,-41.3107],[-73.5527,-41.3108],[-73.5527,-41.3089],[-73.5484,-41.305],[-73.5474,-41.3063],[-73.5429,-41.3062],[-73.5363,-41.3091],[-73.5339,-41.3079],[-73.5319,-41.3117],[-73.5285,-41.3101],[-73.5276,-41.3079],[-73.5319,-41.3063],[-73.5313,-41.301],[-73.5297,-41.301],[-73.527,-41.3033],[-73.5236,-41.303],[-73.5204,-41.3005],[-73.5151,-41.3012],[-73.5121,-41.3032],[-73.5042,-41.3042],[-73.5009,-41.3054],[-73.49,-41.3042],[-73.4903,-41.3008],[-73.4866,-41.2993],[-73.4835,-41.2994],[-73.4783,-41.297],[-73.4754,-41.2972],[-73.4732,-41.2948],[-73.47,-41.2947],[-73.4692,-41.2892],[-73.4655,-41.2883],[-73.4591,-41.2827],[-73.455,-41.2808],[-73.4533,-41.2784],[-73.4557,-41.2771],[-73.4535,-41.2736],[-73.4538,-41.2715],[-73.4558,-41.2694],[-73.4583,-41.2685],[-73.4625,-41.2651],[-73.4631,-41.2594],[-73.4624,-41.2572],[-73.4582,-41.2555],[-73.4571,-41.2573],[-73.4526,-41.2595],[-73.4489,-41.2599],[-73.4468,-41.2589],[-73.4415,-41.2611],[-73.4366,-41.261],[-73.4321,-41.2646],[-73.4273,-41.264],[-73.4198,-41.2664],[-73.414,-41.2656],[-73.4107,-41.2661],[-73.4081,-41.2655],[-73.4059,-41.2673],[-73.4012,-41.2676],[-73.3983,-41.2695],[-73.3899,-41.2734],[-73.3854,-41.2741],[-73.381,-41.2724],[-73.3712,-41.2749],[-73.3675,-41.2736],[-73.3586,-41.2717],[-73.3534,-41.2727],[-73.3485,-41.2718],[-73.3374,-41.2667],[-73.3345,-41.2669],[-73.3334,-41.2686],[-73.3287,-41.2687],[-73.324,-41.267],[-73.322,-41.268],[-73.3175,-41.2681],[-73.3144,-41.267],[-73.3075,-41.2676],[-73.2963,-41.2671]]]]}},{"type":"Feature","properties":{"codigo_comuna":"10104","codigo_provincia":"101","codigo_region":"00010","comuna":"Fresia"},"geometry":{"type":"MultiPolygon","coordinates":[[[[-73.3614,-41.0118],[-73.3643,-41.0123],[-73.3693,-41.0157],[-73.3686,-41.0186],[-73.3704,-41.019],[-73.3739,-41.0173],[-73.3809,-41.0161],[-73.3845,-41.0197],[-73.3852,-41.023],[-73.387,-41.0244],[-73.3875,-41.0272],[-73.3844,-41.0286],[-73.3801,-41.028],[-73.3792,-41.0304],[-73.3821,-41.0316],[-73.3859,-41.0297],[-73.3902,-41.0298],[-73.3895,-41.0354],[-73.3904,-41.0376],[-73.3941,-41.0399],[-73.3943,-41.0436],[-73.3923,-41.0451],[-73.3897,-41.0452],[-73.3878,-41.0496],[-73.3962,-41.0512],[-73.3952,-41.0543],[-73.3969,-41.0564],[-73.3954,-41.0595],[-73.3957,-41.0641],[-73.3952,-41.0664],[-73.3967,-41.0694],[-73.3953,-41.0706],[-73.3959,-41.0737],[-73.3923,-41.0758],[-73.3899,-41.0804],[-73.3868,-41.0793],[-73.3828,-41.0793],[-73.3769,-41.0829],[-73.3756,-41.0887],[-73.3689,-41.0885],[-73.365,-41.0891],[-73.3635,-41.0877],[-73.3611,-41.0896],[-73.3523,-41.091],[-73.3486,-41.0905],[-73.3472,-41.0885],[-73.3437,-41.0905],[-73.3427,-41.0936],[-73.347,-41.0968],[-73.3401,-41.098],[-73.3391,-41.1008],[-73.3435,-41.1008],[-73.3431,-41.1028],[-73.3409,-41.1038],[-73.3437,-41.1067],[-73.3403,-41.1105],[-73.3414,-41.112],[-73.3403,-41.1145],[-73.338,-41.1155],[-73.3364,-41.1182],[-73.3386,-41.1202],[-73.3373,-41.1235],[-73.3336,-41.1254],[-73.3318,-41.1276],[-73.3275,-41.13],[-73.3272,-41.1335],[-73.3261,-41.1352],[-73.3226,-41.1367],[-73.3195,-41.1407],[-73.3099,-41.1415],[-73.3094,-41.1438],[-73.3072,-41.144],[-73.3038,-41.1469],[-73.3027,-41.1526],[-73.2993,-41.1592],[-73.2966,-41.1613],[-73.2971,-41.1643],[-73.2944,-41.165],[-73.2929,-41.1673],[-73.2927,-41.1711],[-73.2896,-41.1754],[-73.2871,-41.1775],[-73.288,-41.1793],[-73.2871,-41.1821],[-73.2852,-41.1833],[-73.2885,-41.1849],[-73.2939,-41.1857],[-73.2961,-41.1904],[-73.2952,-41.1946],[-73.2936,-41.195],[-73.2943,-41.2005],[-73.2905,-41.2035],[-73.2901,-41.206],[-73.2909,-41.2103],[-73.2904,-41.2124],[-73.2876,-41.2154],[-73.3056,-41.2187],[-73.3038,-41.2211],[-73.3008,-41.2234],[-73.2998,-41.2259],[-73.3,-41.2287],[-73.3014,-41.2304],[-73.2986,-41.2329],[-73.305,-41.2412],[-73.3032,-41.2448],[-73.3039,-41.2465],[-73.3031,-41.2523],[-73.3019,-41.2552],[-73.2972,-41.2552],[-73.2963,-41.2671],[-73.3075,-41.2676],[-73.3144,-41.267],[-73.3175,-41.2681],[-73.322,-41.268],[-73.324,-41.267],[-73.3287,-41.2687],[-73.3334,-41.2686],[-73.3345,-41.2669],[-73.3374,-41.2667],[-73.3485,-41.2718],[-73.3534,-41.2727],[-73.3586,-41.2717],[-73.3675,-41.2736],[-73.3712,-41.2749],[-73.381,-41.2724],[-73.3854,-41.2741],[-73.3899,-41.2734],[-73.3983,-41.2695],[-73.4012,-41.2676],[-73.4059,-41.2673],[-73.4081,-41.2655],[-73.4107,-41.2661],[-73.414,-41.2656],[-73.4198,-41.2664],[-73.4273,-41.264],[-73.4321,-41.2646],[-73.4366,-41.261],[-73.4415,-41.2611],[-73.4468,-41.2589],[-73.4489,-41.2599],[-73.4526,-41.2595],[-73.4571,-41.2573],[-73.4582,-41.2555],[-73.4624,-41.2572],[-73.4631,-41.2594],[-73.4625,-41.2651],[-73.4583,-41.2685],[-73.4558,-41.2694],[-73.4538,-41.2715],[-73.4535,-41.2736],[-73.4557,-41.2771],[-73.4533,-41.2784],[-73.455,-41.2808],[-73.4591,-41.2827],[-73.4655,-41.2883],[-73.4692,-41.2892],[-73.47,-41.2947],[-73.4732,-41.2948],[-73.4754,-41.2972],[-73.4783,-41.297],[-73.4835,-41.2994],[-73.4866,-41.2993],[-73.4903,-41.3008],[-73.49,-41.3042],[-73.5009,-41.3054],[-73.5042,-41.3042],[-73.5121,-41.3032],[-73.5151,-41.3012],[-73.5204,-41.3005],[-73.5236,-41.303],[-73.527,-41.3033],[-73.5297,-41.301],[-73.5313,-41.301],[-73.5319,-41.3063],[-73.5276,-41.3079],[-73.5285,-41.3101],[-73.5319,-41.3117],[-73.5339,-41.3079],[-73.5363,-41.3091],[-73.5429,-41.3062],[-73.5474,-41.3063],[-73.5484,-41.305],[-73.5527,-41.3089],[-73.5527,-41.3108],[-73.557,-41.3107],[-73.5579,-41.3129],[-73.5654,-41.3119],[-73.5633,-41.3097],[-73.5647,-41.3075],[-73.5697,-41.3057],[-73.5776,-41.3039],[-73.5824,-41.3035],[-73.5836,-41.3023],[-73.5904,-41.3003],[-73.5939,-41.301],[-73.5983,-41.2998],[-73.606,-41.299],[-73.6104,-41.3027],[-73.6128,-41.3033],[-73.6165,-41.3064],[-73.6192,-41.3059],[-73.6241,-41.3078],[-73.63,-41.3068],[-73.6392,-41.3122],[-73.6422,-41.3118],[-73.6438,-41.3089],[-73.6426,-41.3074],[-73.6486,-41.3035],[-73.6489,-41.3008],[-73.6517,-41.2995],[-73.6531,-41.2974],[-73.6568,-41.2964],[-73.6577,-41.2944],[-73.6544,-41.2896],[-73.6579,-41.2802],[-73.662,-41.276],[-73.6682,-41.2721],[-73.672,-41.2723],[-73.6736,-41.2711],[-73.6641,-41.2499],[-73.6591,-41.2526],[-73.655,-41.2529],[-73.6481,-41.2516],[-73.6487,-41.2458],[-73.6522,-41.2418],[-73.6549,-41.2406],[-73.6578,-41.2376],[-73.6655,-41.2346],[-73.6665,-41.2325],[-73.6711,-41.2315],[-73.6781,-41.2308],[-73.6822,-41.2283],[-73.6834,-41.2261],[-73.6826,-41.2234],[-73.6831,-41.2191],[-73.6852,-41.215],[-73.688,-41.213],[-73.6923,-41.2127],[-73.6975,-41.2143],[-73.7025,-41.2113],[-73.7067,-41.2113],[-73.711,-41.2097],[-73.7122,-41.2112],[-73.7169,-41.2124],[-73.724,-41.2126],[-73.7273,-41.2132],[-73.7293,-41.2154],[-73.7308,-41.2189],[-73.7336,-41.2203],[-73.7431,-41.2184],[-73.7442,-41.2209],[-73.7474,-41.2242],[-73.7521,-41.2256],[-73.7544,-41.2298],[-73.7586,-41.2306],[-73.7669,-41.2311],[-73.7698,-41.2336],[-73.7741,-41.2391],[-73.778,-41.2408],[-73.7804,-41.2433],[-73.7808,-41.2458],[-73.7893,-41.2499],[-73.794,-41.2533],[-73.7958,-41.2595],[-73.7952,-41.2638],[-73.7972,-41.2646],[-73.7971,-41.2707],[-73.8033,-41.2716],[-73.8141,-41.2747],[-73.8158,-41.2748],[-73.8207,-41.2722],[-73.8284,-41.2703],[-73.8327,-41.2708],[-73.8412,-41.2734],[-73.8454,-41.2768],[-73.8465,-41.282],[-73.8456,-41.2865],[-73.8434,-41.2881],[-73.844,-41.2903],[-73.8483,-41.2846],[-73.8539,-41.2822],[-73.8552,-41.2783],[-73.8551,-41.2733],[-73.8582,-41.2709],[-73.8569,-41.2675],[-73.8591,-41.2626],[-73.8609,-41.2617],[-73.8597,-41.2527],[-73.8616,-41.2498],[-73.8609,-41.2475],[-73.863,-41.2463],[-73.8611,-41.2439],[-73.8636,-41.2364],[-73.8663,-41.233],[-73.8668,-41.2274],[-73.8701,-41.2197],[-73.8726,-41.2168],[-73.8731,-41.2147],[-73.8753,-41.213],[-73.8737,-41.2108],[-73.8735,-41.2076],[-73.8773,-41.2018],[-73.8781,-41.1989],[-73.88,-41.1969],[-73.8829,-41.1967],[-73.8842,-41.1946],[-73.8845,-41.1886],[-73.8891,-41.1855],[-73.8904,-41.183],[-73.8933,-41.1818],[-73.895,-41.178],[-73.8973,-41.1771],[-73.899,-41.1749],[-73.9026,-41.1732],[-73.9048,-41.1696],[-73.9048,-41.1662],[-73.9071,-41.1664],[-73.9069,-41.1623],[-73.9078,-41.1612],[-73.9056,-41.1572],[-73.9051,-41.1546],[-73.9067,-41.151],[-73.9113,-41.1501],[-73.9139,-41.1486],[-73.9141,-41.1462],[-73.9176,-41.1464],[-73.9196,-41.1444],[-73.9189,-41.1428],[-73.9202,-41.1407],[-73.9184,-41.1381],[-73.9143,-41.1372],[-73.9127,-41.1361],[-73.9127,-41.1335],[-73.9101,-41.1318],[-73.9124,-41.1281],[-73.9111,-41.1269],[-73.9062,-41.1248],[-73.9075,-41.122],[-73.9113,-41.1206],[-73.9146,-41.1214],[-73.9147,-41.1191],[-73.9172,-41.1179],[-73.9173,-41.1154],[-73.9203,-41.1158],[-73.9194,-41.1184],[-73.9238,-41.1204],[-73.923,-41.1176],[-73.9243,-41.116],[-73.923,-41.1124],[-73.9281,-41.1093],[-73.9254,-41.1071],[-73.926,-41.1043],[-73.9226,-41.1005],[-73.9234,-41.0969],[-73.9213,-41.0948],[-73.9196,-41.0914],[-73.9199,-41.0875],[-73.9184,-41.0842],[-73.9198,-41.0821],[-73.9231,-41.081],[-73.9219,-41.0786],[-73.9214,-41.075],[-73.925,-41.0712],[-73.9248,-41.0686],[-73.9286,-41.0666],[-73.929,-41.0638],[-73.9311,-41.0604],[-73.9344,-41.0613],[-73.9232,-41.0493],[-73.9234,-41.048],[-73.9201,-41.0448],[-73.9131,-41.0436],[-73.9058,-41.0396],[-73.9048,-41.0376],[-73.9053,-41.0342],[-73.9022,-41.031],[-73.8955,-41.0267],[-73.891,-41.0282],[-73.8892,-41.0274],[-73.8868,-41.0294],[-73.8828,-41.0295],[-73.8808,-41.0283],[-73.8747,-41.0277],[-73.8651,-41.0319],[-73.8608,-41.0312],[-73.8552,-41.029],[-73.8531,-41.0259],[-73.8503,-41.0265],[-73.8478,-41.0238],[-73.8442,-41.0227],[-73.8423,-41.0196],[-73.8427,-41.0175],[-73.8363,-41.0174],[-73.8325,-41.0178],[-73.8281,-41.0161],[-73.8198,-41.0136],[-73.8149,-41.0096],[-73.8105,-41.011],[-73.7511,-41.0272],[-73.75,-41.0303],[-73.7472,-41.0337],[-73.7439,-41.0364],[-73.7386,-41.0388],[-73.7347,-41.0387],[-73.7314,-41.0405],[-73.7285,-41.0408],[-73.7257,-41.0432],[-73.7221,-41.043],[-73.7221,-41.0448],[-73.7166,-41.0492],[-73.7104,-41.0493],[-73.7053,-41.047],[-73.7022,-41.0442],[-73.6957,-41.0464],[-73.6901,-41.0464],[-73.6882,-41.0437],[-73.6841,-41.0397],[-73.6823,-41.0393],[-73.6803,-41.0369],[-73.6753,-41.035],[-73.6733,-41.0353],[-73.6736,-41.0378],[-73.67,-41.043],[-73.6665,-41.0435],[-73.6617,-41.0455],[-73.6575,-41.0447],[-73.6564,-41.0461],[-73.6523,-41.0476],[-73.6527,-41.0496],[-73.6514,-41.0516],[-73.6494,-41.0513],[-73.6456,-41.0537],[-73.6407,-41.0553],[-73.6434,-41.0585],[-73.6418,-41.0623],[-73.6385,-41.062],[-73.6346,-41.0625],[-73.6341,-41.0593],[-73.6297,-41.0563],[-73.6291,-41.0537],[-73.6229,-41.0528],[-73.6187,-41.051],[-73.6155,-41.0507],[-73.6124,-41.0516],[-73.6106,-41.0471],[-73.6079,-41.0466],[-73.603,-41.048],[-73.6022,-41.0493],[-73.5987,-41.0502],[-73.5936,-41.0535],[-73.5901,-41.055],[-73.5849,-41.0562],[-73.5818,-41.0543],[-73.5771,-41.0528],[-73.5731,-41.0494],[-73.5685,-41.0489],[-73.5611,-41.0472],[-73.5557,-41.0491],[-73.543,-41.05],[-73.5402,-41.0518],[-73.5332,-41.0517],[-73.5278,-41.0545],[-73.5247,-41.0527],[-73.5203,-41.054],[-73.5163,-41.0537],[-73.5137,-41.0564],[-73.5054,-41.0484],[-73.5059,-41.0461],[-73.5011,-41.0439],[-73.4969,-41.0432],[-73.4946,-41.0419],[-73.4897,-41.042],[-73.4875,-41.0391],[-73.4874,-41.0369],[-73.484,-41.0327],[-73.4843,-41.0311],[-73.4811,-41.0296],[-73.48,-41.0224],[-73.4775,-41.0192],[-73.4727,-41.0172],[-73.4684,-41.014],[-73.4685,-41.0108],[-73.4658,-41.0104],[-73.4663,-41.0081],[-73.4629,-41.0082],[-73.4597,-41.006],[-73.4558,-41.007],[-73.4499,-41.0054],[-73.4493,-41.0032],[-73.4527,-41.001],[-73.452,-40.9985],[-73.4452,-40.9962],[-73.4418,-40.9961],[-73.4377,-40.9968],[-73.4363,-40.9979],[-73.4335,-40.9957],[-73.4303,-40.9953],[-73.4286,-40.9936],[-73.4241,-40.9936],[-73.4239,-40.996],[-73.4176,-40.9972],[-73.4135,-40.9965],[-73.41,-40.9972],[-73.4101,-40.9999],[-73.4055,-41.0007],[-73.4005,-41.0028],[-73.3974,-41.002],[-73.3919,-41.0019],[-73.3897,-41.0029],[-73.3856,-41.0036],[-73.3823,-41.0059],[-73.3796,-41.0048],[-73.3773,-41.0008],[-73.3751,-41.0015],[-73.3721,-41.0063],[-73.3704,-41.0074],[-73.3689,-41.0104],[-73.3659,-41.0099],[-73.3614,-41.0118]]]]}},{"type":"Feature","properties":{"codigo_comuna":"10105","codigo_provincia":"101","codigo_region":"00010","comuna":"Frutillar"},"geometry":{"type":"MultiPolygon","coordinates":[[[[-72.9959,-41.0284],[-72.994,-41.0297],[-72.9842,-41.0262],[-72.9358,-41.011],[-72.9282,-41.0088],[-72.8638,-41.0293],[-72.7983,-41.0503],[-72.8128,-41.0712],[-72.8647,-41.1451],[-72.8833,-41.1723],[-72.8897,-41.1803],[-72.9081,-41.1913],[-72.9202,-41.1961],[-72.9414,-41.2011],[-72.9483,-41.2025],[-72.958,-41.2034],[-72.9701,-41.2034],[-72.9782,-41.2024],[-73.0026,-41.1976],[-73.012,-41.194],[-73.0148,-41.1919],[-73.0146,-41.1822],[-73.0209,-41.1822],[-73.1232,-41.1845],[-73.1231,-41.1885],[-73.126,-41.19],[-73.1282,-41.1839],[-73.129,-41.1832],[-73.1281,-41.1775],[-73.1314,-41.1767],[-73.1384,-41.1764],[-73.1392,-41.1749],[-73.1431,-41.1737],[-73.147,-41.1686],[-73.153,-41.1661],[-73.2039,-41.1789],[-73.2034,-41.1751],[-73.2061,-41.1703],[-73.206,-41.1686],[-73.2084,-41.167],[-73.2087,-41.164],[-73.2102,-41.1623],[-73.211,-41.1592],[-73.2155,-41.162],[-73.2201,-41.1617],[-73.2282,-41.1649],[-73.2322,-41.168],[-73.2339,-41.168],[-73.2407,-41.1593],[-73.2458,-41.1572],[-73.2507,-41.1575],[-73.2545,-41.1555],[-73.2574,-41.1516],[-73.2573,-41.1498],[-73.2595,-41.1469],[-73.2607,-41.1437],[-73.2628,-41.142],[-73.2682,-41.1416],[-73.2696,-41.1399],[-73.2769,-41.1413],[-73.2791,-41.1412],[-73.2863,-41.1376],[-73.2897,-41.137],[-73.2908,-41.1357],[-73.294,-41.1362],[-73.298,-41.138],[-73.3008,-41.1353],[-73.3093,-41.1354],[-73.3119,-41.1341],[-73.3117,-41.1324],[-73.3187,-41.1299],[-73.3237,-41.1296],[-73.3275,-41.13],[-73.3318,-41.1276],[-73.3336,-41.1254],[-73.3373,-41.1235],[-73.3386,-41.1202],[-73.3364,-41.1182],[-73.338,-41.1155],[-73.3403,-41.1145],[-73.3414,-41.112],[-73.3403,-41.1105],[-73.3437,-41.1067],[-73.3409,-41.1038],[-73.3431,-41.1028],[-73.3435,-41.1008],[-73.3391,-41.1008],[-73.3401,-41.098],[-73.347,-41.0968],[-73.3427,-41.0936],[-73.3437,-41.0905],[-73.3472,-41.0885],[-73.3486,-41.0905],[-73.3523,-41.091],[-73.3611,-41.0896],[-73.3635,-41.0877],[-73.365,-41.0891],[-73.3689,-41.0885],[-73.3756,-41.0887],[-73.3769,-41.0829],[-73.3828,-41.0793],[-73.3868,-41.0793],[-73.3899,-41.0804],[-73.3923,-41.0758],[-73.3959,-41.0737],[-73.3953,-41.0706],[-73.3967,-41.0694],[-73.3952,-41.0664],[-73.3957,-41.0641],[-73.3954,-41.0595],[-73.3969,-41.0564],[-73.3952,-41.0543],[-73.3962,-41.0512],[-73.3878,-41.0496],[-73.3897,-41.0452],[-73.3923,-41.0451],[-73.3943,-41.0436],[-73.3941,-41.0399],[-73.3904,-41.0376],[-73.3895,-41.0354],[-73.3902,-41.0298],[-73.3859,-41.0297],[-73.3821,-41.0316],[-73.3792,-41.0304],[-73.3801,-41.028],[-73.3844,-41.0286],[-73.3875,-41.0272],[-73.387,-41.0244],[-73.3852,-41.023],[-73.3845,-41.0197],[-73.3809,-41.0161],[-73.3739,-41.0173],[-73.3704,-41.019],[-73.3686,-41.0186],[-73.3693,-41.0157],[-73.3643,-41.0123],[-73.3614,-41.0118],[-73.3616,-41.0148],[-73.3564,-41.0196],[-73.3501,-41.0172],[-73.349,-41.0141],[-73.3463,-41.0116],[-73.3427,-41.0097],[-73.3409,-41.0069],[-73.3356,-41.0068],[-73.3353,-41.0093],[-73.3336,-41.0108],[-73.3337,-41.0134],[-73.3325,-41.0151],[-73.3307,-41.0205],[-73.3289,-41.0216],[-73.3243,-41.0199],[-73.3213,-41.0197],[-73.3162,-41.0179],[-73.3133,-41.0156],[-73.312,-41.0112],[-73.3096,-41.0093],[-73.3025,-41.0083],[-73.3003,-41.012],[-73.292,-41.0082],[-73.2884,-41.0057],[-73.2865,-41.0064],[-73.2805,-41.0065],[-73.2775,-41.0046],[-73.2738,-40.9997],[-73.2684,-40.9966],[-73.2558,-40.9919],[-73.26,-40.9888],[-73.258,-40.9877],[-73.2576,-40.9851],[-73.2556,-40.9817],[-73.2523,-40.9787],[-73.2468,-40.9806],[-73.2446,-40.9831],[-73.2356,-40.9808],[-73.2337,-40.9844],[-73.2337,-40.9866],[-73.2284,-40.9858],[-73.2228,-40.9896],[-73.2235,-40.9918],[-73.2184,-40.9929],[-73.2144,-40.9953],[-73.2123,-40.9957],[-73.2139,-40.9992],[-73.2165,-41.0006],[-73.2159,-41.003],[-73.2094,-41.0024],[-73.1995,-41.0048],[-73.1963,-41.0025],[-73.192,-41.0021],[-73.1905,-40.999],[-73.1889,-40.9985],[-73.1894,-40.9956],[-73.187,-40.9956],[-73.1868,-40.9935],[-73.1828,-40.9901],[-73.1806,-40.9911],[-73.1778,-40.9888],[-73.1774,-40.987],[-73.1737,-40.9849],[-73.1716,-40.9848],[-73.1696,-40.9868],[-73.1595,-40.9859],[-73.1561,-40.9865],[-73.1539,-40.9844],[-73.149,-40.9849],[-73.1457,-40.9838],[-73.1462,-40.9824],[-73.1414,-40.9813],[-73.1384,-40.9821],[-73.133,-40.9826],[-73.1323,-40.9809],[-73.1218,-40.9794],[-73.1185,-40.9773],[-73.1168,-40.9783],[-73.1111,-40.9793],[-73.1065,-40.9775],[-73.103,-40.978],[-73.1018,-40.9802],[-73.0984,-40.9818],[-73.0948,-40.9821],[-73.0939,-40.985],[-73.0877,-40.9862],[-73.0856,-40.9881],[-73.0839,-40.9873],[-73.0773,-40.9912],[-73.0768,-40.9889],[-73.0717,-40.9915],[-73.0668,-40.9927],[-73.0597,-40.9931],[-73.0588,-40.9943],[-73.054,-40.996],[-73.0535,-40.9976],[-73.0482,-40.9982],[-73.048,-40.9998],[-73.041,-41.0012],[-73.0362,-41.0031],[-73.0332,-41.0032],[-73.0293,-41.0063],[-73.0235,-41.0075],[-73.0257,-41.0141],[-73.0036,-41.0245],[-72.9959,-41.0284]]]]}},{"type":"Feature","properties":{"codigo_comuna":"10107","codigo_provincia":"101","codigo_region":"00010","comuna":"Llanquihue"},"geometry":{"type":"MultiPolygon","coordinates":[[[[-72.8897,-41.1803],[-72.9425,-41.2697],[-72.9506,-41.283],[-72.9641,-41.2895],[-72.9687,-41.2907],[-72.9768,-41.2915],[-73.0135,-41.2923],[-73.0135,-41.2929],[-73.0472,-41.2943],[-73.0527,-41.2942],[-73.0537,-41.298],[-73.0563,-41.3001],[-73.0584,-41.3054],[-73.0617,-41.3053],[-73.062,-41.3024],[-73.0832,-41.3028],[-73.0831,-41.3057],[-73.1046,-41.3064],[-73.1249,-41.3075],[-73.1241,-41.3011],[-73.1351,-41.2989],[-73.1389,-41.3048],[-73.1392,-41.3071],[-73.1726,-41.3086],[-73.1726,-41.3095],[-73.1912,-41.31],[-73.194,-41.3074],[-73.1972,-41.3072],[-73.1999,-41.3103],[-73.204,-41.3111],[-73.2137,-41.3108],[-73.2228,-41.3109],[-73.2231,-41.3078],[-73.2297,-41.308],[-73.2286,-41.311],[-73.239,-41.3108],[-73.2411,-41.3112],[-73.2616,-41.3118],[-73.2621,-41.3079],[-73.2706,-41.3086],[-73.2707,-41.3065],[-73.2746,-41.307],[-73.2745,-41.3119],[-73.281,-41.3122],[-73.2809,-41.3054],[-73.2877,-41.3068],[-73.2874,-41.3122],[-73.2999,-41.3126],[-73.3,-41.3068],[-73.3008,-41.292],[-73.2944,-41.2921],[-73.2963,-41.2671],[-73.2972,-41.2552],[-73.3019,-41.2552],[-73.3031,-41.2523],[-73.3039,-41.2465],[-73.3032,-41.2448],[-73.305,-41.2412],[-73.2986,-41.2329],[-73.3014,-41.2304],[-73.3,-41.2287],[-73.2998,-41.2259],[-73.3008,-41.2234],[-73.3038,-41.2211],[-73.3056,-41.2187],[-73.2876,-41.2154],[-73.2904,-41.2124],[-73.2909,-41.2103],[-73.2901,-41.206],[-73.2905,-41.2035],[-73.2943,-41.2005],[-73.2936,-41.195],[-73.2952,-41.1946],[-73.2961,-41.1904],[-73.2939,-41.1857],[-73.2885,-41.1849],[-73.2852,-41.1833],[-73.2871,-41.1821],[-73.288,-41.1793],[-73.2871,-41.1775],[-73.2896,-41.1754],[-73.2927,-41.1711],[-73.2929,-41.1673],[-73.2944,-41.165],[-73.2971,-41.1643],[-73.2966,-41.1613],[-73.2993,-41.1592],[-73.3027,-41.1526],[-73.3038,-41.1469],[-73.3072,-41.144],[-73.3094,-41.1438],[-73.3099,-41.1415],[-73.3195,-41.1407],[-73.3226,-41.1367],[-73.3261,-41.1352],[-73.3272,-41.1335],[-73.3275,-41.13],[-73.3237,-41.1296],[-73.3187,-41.1299],[-73.3117,-41.1324],[-73.3119,-41.1341],[-73.3093,-41.1354],[-73.3008,-41.1353],[-73.298,-41.138],[-73.294,-41.1362],[-73.2908,-41.1357],[-73.2897,-41.137],[-73.2863,-41.1376],[-73.2791,-41.1412],[-73.2769,-41.1413],[-73.2696,-41.1399],[-73.2682,-41.1416],[-73.2628,-41.142],[-73.2607,-41.1437],[-73.2595,-41.1469],[-73.2573,-41.1498],[-73.2574,-41.1516],[-73.2545,-41.1555],[-73.2507,-41.1575],[-73.2458,-41.1572],[-73.2407,-41.1593],[-73.2339,-41.168],[-73.2322,-41.168],[-73.2282,-41.1649],[-73.2201,-41.1617],[-73.2155,-41.162],[-73.211,-41.1592],[-73.2102,-41.1623],[-73.2087,-41.164],[-73.2084,-41.167],[-73.206,-41.1686],[-73.2061,-41.1703],[-73.2034,-41.1751],[-73.2039,-41.1789],[-73.153,-41.1661],[-73.147,-41.1686],[-73.1431,-41.1737],[-73.1392,-41.1749],[-73.1384,-41.1764],[-73.1314,-41.1767],[-73.1281,-41.1775],[-73.129,-41.1832],[-73.1282,-41.1839],[-73.126,-41.19],[-73.1231,-41.1885],[-73.1232,-41.1845],[-73.0209,-41.1822],[-73.0146,-41.1822],[-73.0148,-41.1919],[-73.012,-41.194],[-73.0026,-41.1976],[-72.9782,-41.2024],[-72.9701,-41.2034],[-72.958,-41.2034],[-72.9483,-41.2025],[-72.9414,-41.2011],[-72.9202,-41.1961],[-72.9081,-41.1913],[-72.8897,-41.1803]]]]}},{"type":"Feature","properties":{"codigo_comuna":"10404","codigo_provincia":"104","codigo_region":"00010","comuna":"Palena"},"geometry":{"type":"MultiPolygon","coordinates":[[[[-71.9282,-43.4383],[-71.928,-43.4412],[-71.9291,-43.4433],[-71.9319,-43.4456],[-71.9338,-43.4498],[-71.9303,-43.4531],[-71.9303,-43.4558],[-71.9262,-43.4589],[-71.9236,-43.4587],[-71.9207,-43.4561],[-71.9158,-43.4556],[-71.9075,-43.4566],[-71.9031,-43.4559],[-71.898,-43.4523],[-71.8933,-43.4507],[-71.8864,-43.4502],[-71.8808,-43.4513],[-71.8798,-43.454],[-71.8787,-43.462],[-71.8775,-43.4635],[-71.8702,-43.4628],[-71.8666,-43.4647],[-71.8641,-43.4695],[-71.8608,-43.4721],[-71.8584,-43.4728],[-71.8523,-43.4767],[-71.8517,-43.4793],[-71.8484,-43.4833],[-71.8478,-43.4851],[-71.8495,-43.4873],[-71.851,-43.4936],[-71.8545,-43.4942],[-71.8548,-43.4995],[-71.8573,-43.504],[-71.8582,-43.5083],[-71.8645,-43.5118],[-71.8693,-43.5188],[-71.8709,-43.5225],[-71.8746,-43.5258],[-71.8775,-43.5294],[-71.8769,-43.5361],[-71.8792,-43.5378],[-71.8787,-43.5411],[-71.8768,-43.5451],[-71.8751,-43.5508],[-71.8727,-43.5522],[-71.869,-43.5522],[-71.8647,-43.5509],[-71.8632,-43.5516],[-71.8557,-43.5511],[-71.8505,-43.5501],[-71.8476,-43.5483],[-71.8453,-43.5482],[-71.8285,-43.5513],[-71.8268,-43.5499],[-71.8222,-43.5483],[-71.818,-43.5462],[-71.8123,-43.5461],[-71.7963,-43.5419],[-71.7942,-43.5407],[-71.7905,-43.541],[-71.7877,-43.5436],[-71.7821,-43.5409],[-71.7786,-43.5383],[-71.7734,-43.5395],[-71.7714,-43.5416],[-71.7702,-43.5451],[-71.7685,-43.5464],[-71.7689,-43.5503],[-71.7637,-43.5563],[-71.7656,-43.5592],[-71.764,-43.5611],[-71.7659,-43.5633],[-71.7641,-43.5675],[-71.7615,-43.5677],[-71.7582,-43.5738],[-71.7588,-43.5773],[-71.7619,-43.5798],[-71.7592,-43.5861],[-71.7539,-43.5889],[-71.7471,-43.5891],[-71.7452,-43.5853],[-71.7419,-43.5858],[-71.7383,-43.5848],[-71.7355,-43.5826],[-71.7329,-43.5795],[-71.7282,-43.5792],[-71.7261,-43.5783],[-71.7192,-43.5783],[-71.7166,-43.5769],[-71.7134,-43.5805],[-71.7074,-43.5838],[-71.706,-43.5902],[-71.7086,-43.5954],[-71.7082,-43.599],[-71.707,-43.6004],[-71.7098,-43.6031],[-71.7068,-43.6041],[-71.7073,-43.6067],[-71.7039,-43.6106],[-71.7026,-43.613],[-71.7018,-43.617],[-71.7032,-43.6234],[-71.7015,-43.6248],[-71.6985,-43.6245],[-71.6897,-43.6265],[-71.6864,-43.6261],[-71.6818,-43.6246],[-71.6718,-43.6246],[-71.6711,-43.6234],[-71.6675,-43.6234],[-71.6648,-43.6223],[-71.6589,-43.6215],[-71.6506,-43.621],[-71.6436,-43.622],[-71.6389,-43.6219],[-71.6369,-43.6233],[-71.6312,-43.624],[-71.6286,-43.6235],[-71.6253,-43.6243],[-71.6235,-43.6256],[-71.6154,-43.6281],[-71.6089,-43.6288],[-71.601,-43.6332],[-71.5966,-43.6341],[-71.5924,-43.6381],[-71.5911,-43.6384],[-71.59,-43.6418],[-71.5842,-43.6495],[-71.5811,-43.6519],[-71.5809,-43.6545],[-71.5823,-43.6574],[-71.581,-43.6591],[-71.5818,-43.6616],[-71.584,-43.6631],[-71.585,-43.6669],[-71.5868,-43.6701],[-71.5862,-43.6722],[-71.588,-43.6742],[-71.5884,-43.6788],[-71.5981,-43.6796],[-71.6114,-43.6794],[-71.6103,-43.6828],[-71.6067,-43.6854],[-71.6024,-43.6873],[-71.6003,-43.6964],[-71.6049,-43.6988],[-71.6065,-43.7006],[-71.6112,-43.7011],[-71.617,-43.7011],[-71.6224,-43.7004],[-71.6298,-43.6987],[-71.6317,-43.7043],[-71.6318,-43.7084],[-71.635,-43.707],[-71.6367,-43.704],[-71.6401,-43.7034],[-71.647,-43.7034],[-71.6515,-43.7007],[-71.6578,-43.7011],[-71.6623,-43.7028],[-71.6622,-43.7072],[-71.6629,-43.7105],[-71.6611,-43.7111],[-71.6602,-43.7162],[-71.6622,-43.7213],[-71.6678,-43.7235],[-71.6704,-43.724],[-71.684,-43.7231],[-71.6899,-43.7243],[-71.6917,-43.7254],[-71.6982,-43.7273],[-71.6986,-43.7327],[-71.6994,-43.7347],[-71.7046,-43.7398],[-71.709,-43.7447],[-71.7109,-43.7499],[-71.7149,-43.7541],[-71.7276,-43.7648],[-71.7323,-43.7677],[-71.7343,-43.7701],[-71.7354,-43.7738],[-71.736,-43.7787],[-71.7426,-43.7809],[-71.7539,-43.7882],[-71.7504,-43.7944],[-71.7519,-43.7967],[-71.7503,-43.8011],[-71.7507,-43.806],[-71.7491,-43.8097],[-71.7507,-43.8122],[-71.7559,-43.8146],[-71.7566,-43.8163],[-71.7548,-43.8181],[-71.7546,-43.8221],[-71.7594,-43.8231],[-71.7598,-43.8257],[-71.7588,-43.8309],[-71.7599,-43.8348],[-71.7628,-43.8359],[-71.7637,-43.8412],[-71.7587,-43.8454],[-71.7525,-43.8467],[-71.7432,-43.8509],[-71.7402,-43.8514],[-71.7375,-43.8552],[-71.7333,-43.8575],[-71.7321,-43.8598],[-71.7329,-43.8631],[-71.7293,-43.8651],[-71.7147,-43.8649],[-71.7114,-43.8646],[-71.7051,-43.869],[-71.7057,-43.8722],[-71.7045,-43.8738],[-71.7034,-43.8778],[-71.7073,-43.8818],[-71.7056,-43.8838],[-71.7078,-43.8887],[-71.7063,-43.8906],[-71.7069,-43.8946],[-71.6999,-43.8957],[-71.6957,-43.8992],[-71.6949,-43.9032],[-71.6927,-43.9041],[-71.6866,-43.9036],[-71.6827,-43.9053],[-71.676,-43.9049],[-71.6736,-43.9036],[-71.6704,-43.9037],[-71.6681,-43.9051],[-71.6669,-43.9086],[-71.6636,-43.9098],[-71.6629,-43.9112],[-71.6564,-43.914],[-71.6562,-43.9161],[-71.6515,-43.928],[-71.6491,-43.9478],[-71.6551,-43.9499],[-71.6581,-43.9569],[-71.661,-43.9587],[-71.6609,-43.9606],[-71.6637,-43.9636],[-71.6646,-43.9661],[-71.6694,-43.9684],[-71.6736,-43.972],[-71.6797,-43.9712],[-71.683,-43.977],[-71.6829,-43.9823],[-71.6851,-43.9885],[-71.6891,-43.9927],[-71.6964,-44.0019],[-71.6964,-44.0057],[-71.7007,-44.0098],[-71.7017,-44.0122],[-71.7072,-44.0167],[-71.7087,-44.0186],[-71.7129,-44.0215],[-71.7159,-44.0255],[-71.7172,-44.0311],[-71.7148,-44.0342],[-71.7146,-44.0379],[-71.7202,-44.0414],[-71.7203,-44.0447],[-71.7218,-44.0499],[-71.726,-44.0516],[-71.7271,-44.0545],[-71.7296,-44.0578],[-71.7328,-44.0636],[-71.7359,-44.0646],[-71.7368,-44.0671],[-71.7453,-44.0653],[-71.7489,-44.0637],[-71.7556,-44.0631],[-71.7573,-44.0604],[-71.7579,-44.0578],[-71.7619,-44.0564],[-71.7681,-44.0565],[-71.7778,-44.0576],[-71.781,-44.0596],[-71.7841,-44.059],[-71.7879,-44.0559],[-71.7903,-44.0552],[-71.7926,-44.0528],[-71.7914,-44.0503],[-71.7947,-44.0479],[-71.7961,-44.0457],[-71.7965,-44.0427],[-71.7957,-44.0316],[-71.8013,-44.026],[-71.7995,-44.024],[-71.8035,-44.0217],[-71.8077,-44.0203],[-71.8106,-44.0169],[-71.8105,-44.0126],[-71.822,-44.0109],[-71.823,-44.0072],[-71.8257,-44.0026],[-71.8266,-43.999],[-71.8262,-43.9949],[-71.8279,-43.9798],[-71.8275,-43.9765],[-71.8247,-43.9733],[-71.8179,-43.9707],[-71.8147,-43.9627],[-71.8094,-43.9585],[-71.8079,-43.9552],[-71.8169,-43.9536],[-71.827,-43.9511],[-71.832,-43.9448],[-71.8349,-43.9424],[-71.8369,-43.9418],[-71.8447,-43.9412],[-71.8498,-43.9377],[-71.8511,-43.9344],[-71.8544,-43.9307],[-71.8584,-43.9287],[-71.8682,-43.9285],[-71.8829,-43.9301],[-71.8875,-43.9322],[-71.8904,-43.9386],[-71.8976,-43.9378],[-71.9084,-43.9408],[-71.9146,-43.9411],[-71.9202,-43.94],[-71.925,-43.9349],[-71.9285,-43.9353],[-71.9335,-43.934],[-71.9519,-43.9286],[-71.958,-43.9259],[-71.9636,-43.9254],[-71.9718,-43.926],[-71.9739,-43.9294],[-71.9718,-43.9346],[-71.9689,-43.9374],[-71.9634,-43.9399],[-71.959,-43.9407],[-71.956,-43.9432],[-71.9556,-43.9452],[-71.96,-43.9525],[-71.9584,-43.9572],[-71.9617,-43.9601],[-71.9618,-43.9635],[-71.9632,-43.9649],[-71.9699,-43.9646],[-71.9743,-43.9634],[-71.9762,-43.9657],[-71.9803,-43.9671],[-71.9828,-43.9664],[-71.9854,-43.9615],[-71.9883,-43.9604],[-71.9918,-43.9603],[-71.9963,-43.9621],[-71.9999,-43.9626],[-72.0097,-43.9655],[-72.0137,-43.966],[-72.0154,-43.9649],[-72.0165,-43.9621],[-72.0213,-43.959],[-72.0267,-43.9581],[-72.0256,-43.9538],[-72.0268,-43.9496],[-72.0299,-43.946],[-72.0326,-43.9415],[-72.043,-43.9364],[-72.0532,-43.9369],[-72.0572,-43.9384],[-72.061,-43.9428],[-72.0641,-43.9508],[-72.0683,-43.9559],[-72.0761,-43.9557],[-72.0972,-43.9465],[-72.0993,-43.9439],[-72.1069,-43.9394],[-72.1084,-43.9347],[-72.1081,-43.9299],[-72.1054,-43.9259],[-72.1002,-43.9213],[-72.0935,-43.9166],[-72.089,-43.9153],[-72.084,-43.9092],[-72.0767,-43.9053],[-72.0764,-43.9024],[-72.0801,-43.8979],[-72.0965,-43.8903],[-72.1023,-43.8902],[-72.1087,-43.8884],[-72.1119,-43.8842],[-72.112,-43.8825],[-72.1154,-43.8786],[-72.1185,-43.8775],[-72.1232,-43.8782],[-72.1281,-43.8815],[-72.1334,-43.8879],[-72.1362,-43.8897],[-72.1399,-43.8896],[-72.1426,-43.8881],[-72.1472,-43.8839],[-72.1525,-43.8806],[-72.1585,-43.8811],[-72.161,-43.8822],[-72.1654,-43.886],[-72.1786,-43.8945],[-72.1822,-43.894],[-72.1876,-43.8848],[-72.1858,-43.8726],[-72.1881,-43.8699],[-72.195,-43.8661],[-72.1957,-43.86],[-72.1988,-43.8582],[-72.1994,-43.8557],[-72.2025,-43.8545],[-72.2005,-43.8506],[-72.195,-43.8463],[-72.1933,-43.8438],[-72.1936,-43.8421],[-72.2004,-43.8405],[-72.2127,-43.8387],[-72.2154,-43.8389],[-72.2228,-43.8374],[-72.2268,-43.8357],[-72.2323,-43.8378],[-72.2399,-43.8379],[-72.2481,-43.841],[-72.2563,-43.8418],[-72.2658,-43.8419],[-72.2678,-43.8413],[-72.2705,-43.8389],[-72.2778,-43.8355],[-72.281,-43.8333],[-72.2824,-43.8307],[-72.2756,-43.8253],[-72.2692,-43.8228],[-72.2653,-43.8198],[-72.2567,-43.817],[-72.2552,-43.8152],[-72.2507,-43.8121],[-72.2424,-43.8078],[-72.2461,-43.8017],[-72.2498,-43.7966],[-72.2526,-43.7951],[-72.2633,-43.7927],[-72.27,-43.7905],[-72.2768,-43.7896],[-72.2861,-43.7914],[-72.2913,-43.7908],[-72.2999,-43.7843],[-72.3021,-43.7822],[-72.3031,-43.7793],[-72.3024,-43.772],[-72.2976,-43.7701],[-72.2895,-43.7699],[-72.2844,-43.767],[-72.2737,-43.764],[-72.2714,-43.7623],[-72.2723,-43.7592],[-72.2755,-43.7565],[-72.2825,-43.7544],[-72.2879,-43.7524],[-72.2917,-43.7492],[-72.2942,-43.7445],[-72.2985,-43.7416],[-72.3008,-43.7392],[-72.3025,-43.7358],[-72.3082,-43.7335],[-72.3111,-43.7283],[-72.3099,-43.7261],[-72.3036,-43.7207],[-72.2981,-43.7148],[-72.2988,-43.7129],[-72.3014,-43.7135],[-72.3036,-43.7157],[-72.3089,-43.7158],[-72.3144,-43.7126],[-72.3182,-43.7095],[-72.3194,-43.7057],[-72.3208,-43.6976],[-72.3228,-43.6917],[-72.3211,-43.6893],[-72.3195,-43.6891],[-72.3161,-43.6863],[-72.3094,-43.6825],[-72.3024,-43.6763],[-72.2959,-43.6731],[-72.2878,-43.6707],[-72.2735,-43.6684],[-72.2721,-43.6676],[-72.2627,-43.6665],[-72.2592,-43.6636],[-72.2596,-43.6605],[-72.2586,-43.6579],[-72.2555,-43.6557],[-72.2456,-43.6525],[-72.2374,-43.6504],[-72.229,-43.6438],[-72.2286,-43.6391],[-72.231,-43.6335],[-72.2335,-43.6303],[-72.2471,-43.6172],[-72.2566,-43.6097],[-72.2567,-43.6076],[-72.2534,-43.6051],[-72.2506,-43.5965],[-72.248,-43.5944],[-72.2445,-43.5935],[-72.2397,-43.5933],[-72.2358,-43.5938],[-72.2304,-43.5929],[-72.2161,-43.5884],[-72.2077,-43.5817],[-72.2039,-43.5762],[-72.2013,-43.5707],[-72.1962,-43.5558],[-72.1967,-43.5514],[-72.1989,-43.5479],[-72.2032,-43.5464],[-72.2098,-43.5474],[-72.2144,-43.5458],[-72.2174,-43.5436],[-72.2207,-43.5401],[-72.2274,-43.5312],[-72.2303,-43.5268],[-72.2335,-43.5242],[-72.2409,-43.5191],[-72.2507,-43.511],[-72.2566,-43.5072],[-72.2617,-43.5016],[-72.2657,-43.4993],[-72.2624,-43.4945],[-72.2627,-43.4909],[-72.2639,-43.4885],[-72.2625,-43.4852],[-72.2594,-43.4848],[-72.2545,-43.482],[-72.2482,-43.4821],[-72.2437,-43.4808],[-72.2401,-43.4808],[-72.2348,-43.4773],[-72.2333,-43.4737],[-72.2341,-43.4681],[-72.2397,-43.4663],[-72.2536,-43.4662],[-72.2569,-43.4657],[-72.2635,-43.4608],[-72.268,-43.4629],[-72.2714,-43.4637],[-72.2757,-43.4657],[-72.2761,-43.462],[-72.2803,-43.4574],[-72.2848,-43.4565],[-72.2849,-43.4503],[-72.2871,-43.4425],[-72.2917,-43.4375],[-72.2964,-43.4365],[-72.2976,-43.435],[-72.302,-43.4331],[-72.3019,-43.4262],[-72.2976,-43.422],[-72.2968,-43.4199],[-72.3012,-43.4142],[-72.2963,-43.4093],[-72.3066,-43.3875],[-72.3035,-43.3867],[-72.2971,-43.3863],[-72.2948,-43.3848],[-72.2885,-43.3843],[-72.2871,-43.3867],[-72.2839,-43.3882],[-72.2799,-43.3884],[-72.2753,-43.3908],[-72.2697,-43.3919],[-72.2694,-43.3938],[-72.266,-43.3957],[-72.2616,-43.3969],[-72.2589,-43.4002],[-72.2529,-43.4035],[-72.2499,-43.4066],[-72.2001,-43.35],[-72.1965,-43.3507],[-72.1914,-43.3452],[-72.19,-43.3417],[-72.1901,-43.3367],[-72.1887,-43.3328],[-72.1867,-43.331],[-72.1881,-43.3247],[-72.1844,-43.3146],[-72.1849,-43.3117],[-72.183,-43.3114],[-72.181,-43.3051],[-72.1755,-43.2985],[-72.1757,-43.2944],[-72.1772,-43.2926],[-72.1766,-43.2905],[-72.1815,-43.2846],[-72.1812,-43.2824],[-72.1829,-43.2794],[-72.1854,-43.2773],[-72.186,-43.2746],[-72.1882,-43.2702],[-72.1905,-43.2673],[-72.1936,-43.2654],[-72.1959,-43.263],[-72.1951,-43.2591],[-72.1934,-43.2556],[-72.1927,-43.2514],[-72.196,-43.2499],[-72.2034,-43.244],[-72.2019,-43.2414],[-72.1981,-43.2374],[-72.1931,-43.2409],[-72.1874,-43.2428],[-72.1849,-43.2449],[-72.1818,-43.2507],[-72.18,-43.2531],[-72.1797,-43.2554],[-72.175,-43.2599],[-72.1678,-43.2609],[-72.1655,-43.2665],[-72.1603,-43.2722],[-72.1538,-43.2743],[-72.1521,-43.2777],[-72.1447,-43.2831],[-72.143,-43.2854],[-72.139,-43.2866],[-72.1386,-43.2958],[-72.1396,-43.3003],[-72.1377,-43.3015],[-72.1302,-43.3013],[-72.1282,-43.3006],[-72.1179,-43.2987],[-72.1116,-43.2988],[-72.1111,-43.3049],[-72.1128,-43.3109],[-72.1152,-43.3133],[-72.1282,-43.3151],[-72.1343,-43.3184],[-72.1393,-43.3194],[-72.134,-43.323],[-72.1301,-43.324],[-72.1219,-43.3242],[-72.1174,-43.3259],[-72.1159,-43.3273],[-72.1179,-43.3319],[-72.1146,-43.335],[-72.1139,-43.3367],[-72.1099,-43.3391],[-72.1034,-43.341],[-72.0979,-43.3453],[-72.0874,-43.3491],[-72.0852,-43.351],[-72.0814,-43.3523],[-72.0782,-43.3551],[-72.0761,-43.3581],[-72.0756,-43.3614],[-72.0714,-43.3662],[-72.0684,-43.3667],[-72.0618,-43.3602],[-72.0574,-43.3621],[-72.0532,-43.363],[-72.0452,-43.3677],[-72.0396,-43.3706],[-72.0386,-43.3723],[-72.0418,-43.3761],[-72.0432,-43.3795],[-72.0429,-43.3816],[-72.0373,-43.3861],[-72.034,-43.387],[-72.027,-43.3906],[-72.0183,-43.3927],[-72.0111,-43.3934],[-72.0059,-43.3952],[-72.0019,-43.3972],[-71.999,-43.4005],[-71.9963,-43.4023],[-71.9915,-43.4077],[-71.9906,-43.4097],[-71.9837,-43.4182],[-71.9764,-43.4169],[-71.9642,-43.4177],[-71.9575,-43.4194],[-71.9518,-43.4245],[-71.9498,-43.4256],[-71.9443,-43.4267],[-71.9392,-43.4319],[-71.9333,-43.4341],[-71.9282,-43.4383]]]]}},{"type":"Feature","properties":{"codigo_comuna":"10402","codigo_provincia":"104","codigo_region":"00010","comuna":"Futaleufú"},"geometry":{"type":"MultiPolygon","coordinates":[[[[-72.1387,-42.8933],[-72.1428,-42.8977],[-72.1423,-42.901],[-72.1381,-42.9031],[-72.1325,-42.9084],[-72.1315,-42.9122],[-72.1229,-42.9171],[-72.1177,-42.9214],[-72.1145,-42.9234],[-72.1163,-42.9255],[-72.1181,-42.9317],[-72.118,-42.9357],[-72.1125,-42.9376],[-72.106,-42.9392],[-72.1054,-42.9415],[-72.1032,-42.9423],[-72.1007,-42.9415],[-72.0973,-42.9425],[-72.0948,-42.9458],[-72.0948,-42.9489],[-72.0921,-42.952],[-72.0875,-42.9528],[-72.0853,-42.9508],[-72.0845,-42.9477],[-72.074,-42.9493],[-72.0724,-42.9517],[-72.0723,-42.9553],[-72.0669,-42.9582],[-72.0663,-42.9608],[-72.0641,-42.9649],[-72.0607,-42.9679],[-72.0611,-42.972],[-72.0562,-42.9753],[-72.0583,-42.9786],[-72.0583,-42.9813],[-72.056,-42.9837],[-72.0513,-42.9845],[-72.0446,-42.9879],[-72.0395,-42.991],[-72.0386,-42.996],[-72.039,-43.0002],[-72.0413,-43.0013],[-72.041,-43.0057],[-72.0381,-43.0086],[-72.037,-43.0109],[-72.032,-43.014],[-72.0273,-43.0139],[-72.0204,-43.0176],[-72.0181,-43.0207],[-72.0176,-43.0233],[-72.0148,-43.026],[-72.013,-43.0303],[-72.0069,-43.033],[-72.0047,-43.0358],[-72.0034,-43.0398],[-72.0015,-43.04],[-71.9926,-43.0356],[-71.9897,-43.035],[-71.9797,-43.0366],[-71.9807,-43.0387],[-71.9795,-43.043],[-71.9779,-43.0455],[-71.9719,-43.0452],[-71.9687,-43.0415],[-71.9664,-43.041],[-71.9632,-43.0385],[-71.9608,-43.0404],[-71.9561,-43.0412],[-71.9533,-43.0425],[-71.9517,-43.0446],[-71.9486,-43.0448],[-71.9431,-43.0473],[-71.9405,-43.0526],[-71.9374,-43.0531],[-71.9352,-43.0565],[-71.9349,-43.0616],[-71.9341,-43.064],[-71.9376,-43.0708],[-71.9373,-43.0723],[-71.9334,-43.0751],[-71.9349,-43.0786],[-71.934,-43.0804],[-71.9361,-43.0832],[-71.9387,-43.0849],[-71.9417,-43.0917],[-71.9414,-43.0926],[-71.9363,-43.0956],[-71.934,-43.0985],[-71.9337,-43.1015],[-71.93,-43.1018],[-71.9237,-43.1003],[-71.9196,-43.1017],[-71.9157,-43.102],[-71.902,-43.1045],[-71.8928,-43.1072],[-71.8913,-43.1109],[-71.8915,-43.1157],[-71.8889,-43.1183],[-71.8898,-43.124],[-71.8879,-43.127],[-71.8829,-43.1266],[-71.8798,-43.128],[-71.8692,-43.1292],[-71.8658,-43.1301],[-71.8615,-43.1301],[-71.8579,-43.1292],[-71.8556,-43.1296],[-71.8547,-43.1336],[-71.8555,-43.1355],[-71.8579,-43.1367],[-71.8617,-43.1413],[-71.859,-43.1427],[-71.8524,-43.1429],[-71.8458,-43.1418],[-71.8409,-43.1433],[-71.8357,-43.1434],[-71.8331,-43.1466],[-71.83,-43.1468],[-71.8234,-43.1511],[-71.8214,-43.1487],[-71.8172,-43.1454],[-71.8113,-43.147],[-71.8068,-43.1508],[-71.8062,-43.153],[-71.8039,-43.1542],[-71.7975,-43.1532],[-71.7962,-43.1551],[-71.7924,-43.1573],[-71.7861,-43.164],[-71.7859,-43.1676],[-71.7794,-43.1659],[-71.7754,-43.1655],[-71.7715,-43.1678],[-71.7633,-43.1645],[-71.7608,-43.1645],[-71.7561,-43.1743],[-71.7532,-43.1778],[-71.7504,-43.1785],[-71.7447,-43.178],[-71.7416,-43.1796],[-71.7379,-43.1864],[-71.7319,-43.1946],[-71.73,-43.1981],[-71.7299,-43.2018],[-71.7325,-43.2044],[-71.7334,-43.2099],[-71.7346,-43.2126],[-71.7374,-43.2148],[-71.741,-43.2213],[-71.744,-43.2231],[-71.7508,-43.2241],[-71.7542,-43.2254],[-71.7572,-43.2282],[-71.7561,-43.2313],[-71.7566,-43.2339],[-71.7549,-43.236],[-71.7554,-43.2397],[-71.7542,-43.2418],[-71.7514,-43.2422],[-71.7487,-43.2481],[-71.7473,-43.25],[-71.7464,-43.2555],[-71.7478,-43.2594],[-71.7465,-43.2634],[-71.7477,-43.2646],[-71.7467,-43.2667],[-71.7404,-43.2692],[-71.7372,-43.2746],[-71.7344,-43.2767],[-71.7339,-43.2805],[-71.7314,-43.2826],[-71.737,-43.2882],[-71.7338,-43.2954],[-71.7336,-43.301],[-71.7328,-43.3026],[-71.7336,-43.3052],[-71.7321,-43.308],[-71.7351,-43.3134],[-71.7415,-43.3166],[-71.7456,-43.3193],[-71.7479,-43.3194],[-71.7546,-43.3163],[-71.7589,-43.3152],[-71.7618,-43.3132],[-71.7613,-43.3087],[-71.7633,-43.3041],[-71.766,-43.3012],[-71.7682,-43.3001],[-71.7733,-43.3009],[-71.7766,-43.2978],[-71.7867,-43.2964],[-71.7915,-43.2973],[-71.7958,-43.3005],[-71.7988,-43.3011],[-71.8036,-43.3057],[-71.8012,-43.3089],[-71.8014,-43.3116],[-71.8104,-43.3151],[-71.8101,-43.3185],[-71.8123,-43.3205],[-71.8201,-43.3237],[-71.8219,-43.3251],[-71.8216,-43.3279],[-71.8282,-43.3337],[-71.8311,-43.3352],[-71.8403,-43.3345],[-71.8471,-43.3352],[-71.8506,-43.3348],[-71.8533,-43.3308],[-71.8588,-43.3322],[-71.8657,-43.3325],[-71.8691,-43.3291],[-71.8723,-43.3278],[-71.8783,-43.3279],[-71.8828,-43.3258],[-71.8892,-43.325],[-71.893,-43.3231],[-71.8971,-43.3192],[-71.9,-43.3206],[-71.903,-43.3207],[-71.9068,-43.3233],[-71.9065,-43.3259],[-71.9022,-43.331],[-71.8999,-43.3349],[-71.8966,-43.3368],[-71.896,-43.3392],[-71.9009,-43.3403],[-71.903,-43.3421],[-71.903,-43.344],[-71.8993,-43.3474],[-71.8963,-43.3478],[-71.894,-43.3503],[-71.8938,-43.3525],[-71.8901,-43.357],[-71.8904,-43.3599],[-71.8937,-43.3632],[-71.896,-43.3644],[-71.8981,-43.3688],[-71.8978,-43.3708],[-71.8936,-43.3754],[-71.894,-43.3802],[-71.8998,-43.3799],[-71.9043,-43.379],[-71.9099,-43.3793],[-71.9135,-43.3828],[-71.9144,-43.3855],[-71.9176,-43.388],[-71.9227,-43.3854],[-71.9267,-43.3853],[-71.9323,-43.3869],[-71.9304,-43.3884],[-71.9295,-43.3918],[-71.9299,-43.3988],[-71.9275,-43.4013],[-71.9229,-43.4078],[-71.9188,-43.41],[-71.9175,-43.4123],[-71.9138,-43.414],[-71.9135,-43.4163],[-71.9154,-43.4182],[-71.9194,-43.4194],[-71.917,-43.4242],[-71.919,-43.4258],[-71.922,-43.4265],[-71.9232,-43.4313],[-71.9247,-43.435],[-71.9282,-43.4383],[-71.9333,-43.4341],[-71.9392,-43.4319],[-71.9443,-43.4267],[-71.9498,-43.4256],[-71.9518,-43.4245],[-71.9575,-43.4194],[-71.9642,-43.4177],[-71.9764,-43.4169],[-71.9837,-43.4182],[-71.9906,-43.4097],[-71.9915,-43.4077],[-71.9963,-43.4023],[-71.999,-43.4005],[-72.0019,-43.3972],[-72.0059,-43.3952],[-72.0111,-43.3934],[-72.0183,-43.3927],[-72.027,-43.3906],[-72.034,-43.387],[-72.0373,-43.3861],[-72.0429,-43.3816],[-72.0432,-43.3795],[-72.0418,-43.3761],[-72.0386,-43.3723],[-72.0396,-43.3706],[-72.0452,-43.3677],[-72.0532,-43.363],[-72.0574,-43.3621],[-72.0618,-43.3602],[-72.0684,-43.3667],[-72.0714,-43.3662],[-72.0756,-43.3614],[-72.0761,-43.3581],[-72.0782,-43.3551],[-72.0814,-43.3523],[-72.0852,-43.351],[-72.0874,-43.3491],[-72.0979,-43.3453],[-72.1034,-43.341],[-72.1099,-43.3391],[-72.1139,-43.3367],[-72.1146,-43.335],[-72.1179,-43.3319],[-72.1159,-43.3273],[-72.1174,-43.3259],[-72.1219,-43.3242],[-72.1301,-43.324],[-72.134,-43.323],[-72.1393,-43.3194],[-72.1343,-43.3184],[-72.1282,-43.3151],[-72.1152,-43.3133],[-72.1128,-43.3109],[-72.1111,-43.3049],[-72.1116,-43.2988],[-72.1179,-43.2987],[-72.1282,-43.3006],[-72.1302,-43.3013],[-72.1377,-43.3015],[-72.1396,-43.3003],[-72.1386,-43.2958],[-72.139,-43.2866],[-72.143,-43.2854],[-72.1447,-43.2831],[-72.1521,-43.2777],[-72.1538,-43.2743],[-72.1603,-43.2722],[-72.1655,-43.2665],[-72.1678,-43.2609],[-72.175,-43.2599],[-72.1797,-43.2554],[-72.18,-43.2531],[-72.1818,-43.2507],[-72.1849,-43.2449],[-72.1874,-43.2428],[-72.1931,-43.2409],[-72.1981,-43.2374],[-72.2022,-43.2371],[-72.2087,-43.2378],[-72.2133,-43.24],[-72.2208,-43.2361],[-72.2246,-43.2331],[-72.2289,-43.2311],[-72.2317,-43.2273],[-72.2295,-43.2211],[-72.2274,-43.2195],[-72.2195,-43.2177],[-72.2123,-43.2173],[-72.2051,-43.2153],[-72.2021,-43.2121],[-72.2007,-43.2088],[-72.1959,-43.2059],[-72.1905,-43.2044],[-72.1845,-43.2036],[-72.1818,-43.201],[-72.1797,-43.1937],[-72.1795,-43.1912],[-72.1762,-43.1883],[-72.1712,-43.1849],[-72.1694,-43.1822],[-72.1642,-43.1782],[-72.1637,-43.1762],[-72.1652,-43.1672],[-72.1653,-43.1613],[-72.1616,-43.1572],[-72.1607,-43.1474],[-72.1618,-43.1415],[-72.1606,-43.1368],[-72.1571,-43.1307],[-72.1533,-43.1284],[-72.1506,-43.1231],[-72.1519,-43.1149],[-72.1535,-43.1122],[-72.1573,-43.1093],[-72.1585,-43.1032],[-72.1593,-43.1019],[-72.1632,-43.0998],[-72.17,-43.0996],[-72.1765,-43.1005],[-72.1797,-43.1],[-72.1851,-43.0975],[-72.1857,-43.0952],[-72.1827,-43.0871],[-72.1815,-43.0795],[-72.1803,-43.0781],[-72.1801,-43.0745],[-72.1789,-43.073],[-72.1755,-43.0721],[-72.1713,-43.0697],[-72.1683,-43.0661],[-72.1675,-43.0604],[-72.1691,-43.0571],[-72.1737,-43.0523],[-72.181,-43.0513],[-72.1861,-43.0528],[-72.192,-43.053],[-72.1951,-43.0522],[-72.1997,-43.0492],[-72.2019,-43.0439],[-72.2048,-43.0415],[-72.2088,-43.0396],[-72.2118,-43.0368],[-72.2157,-43.0355],[-72.2179,-43.0356],[-72.2221,-43.0374],[-72.2265,-43.0383],[-72.2307,-43.0377],[-72.2313,-43.0334],[-72.2276,-43.0276],[-72.2268,-43.0198],[-72.2284,-43.0155],[-72.235,-43.0116],[-72.2354,-43.008],[-72.2377,-43.0055],[-72.2356,-43.0026],[-72.2384,-42.9985],[-72.2414,-42.9965],[-72.2415,-42.9951],[-72.2384,-42.9926],[-72.2358,-42.9894],[-72.2332,-42.9891],[-72.2237,-42.99],[-72.2199,-42.9917],[-72.2161,-42.9906],[-72.2134,-42.9883],[-72.213,-42.9867],[-72.2142,-42.9825],[-72.2123,-42.9785],[-72.2139,-42.9761],[-72.2215,-42.9726],[-72.2236,-42.9698],[-72.226,-42.9685],[-72.2342,-42.9656],[-72.2338,-42.9637],[-72.2259,-42.9594],[-72.2245,-42.9581],[-72.2209,-42.9573],[-72.2185,-42.9542],[-72.218,-42.951],[-72.2195,-42.9468],[-72.2178,-42.9399],[-72.2176,-42.9354],[-72.2143,-42.9339],[-72.2048,-42.9325],[-72.2016,-42.9314],[-72.1952,-42.9256],[-72.1917,-42.9238],[-72.1898,-42.9207],[-72.1848,-42.9165],[-72.1825,-42.9158],[-72.1825,-42.9137],[-72.1872,-42.9106],[-72.1913,-42.9101],[-72.1931,-42.909],[-72.1954,-42.9049],[-72.1975,-42.897],[-72.201,-42.8937],[-72.2017,-42.8907],[-72.1991,-42.8893],[-72.1922,-42.8873],[-72.1886,-42.8877],[-72.1784,-42.8956],[-72.1744,-42.8968],[-72.1715,-42.8967],[-72.1674,-42.8977],[-72.1644,-42.8975],[-72.1623,-42.8957],[-72.1592,-42.8917],[-72.1532,-42.8896],[-72.1494,-42.8905],[-72.1458,-42.8925],[-72.1416,-42.8934],[-72.1387,-42.8933]]]]}},{"type":"Feature","properties":{"codigo_comuna":"10102","codigo_provincia":"101","codigo_region":"00010","comuna":"Calbuco"},"geometry":{"type":"MultiPolygon","coordinates":[[[[-72.8795,-41.9073],[-72.8802,-41.9111],[-72.8867,-41.9087],[-72.884,-41.9068],[-72.8806,-41.9064],[-72.8795,-41.9073]]],[[[-73.1758,-41.8717],[-73.1723,-41.8731],[-73.1676,-41.8732],[-73.1627,-41.8717],[-73.1569,-41.8755],[-73.1554,-41.8775],[-73.1545,-41.8806],[-73.148,-41.8818],[-73.1448,-41.8851],[-73.1408,-41.8858],[-73.1355,-41.8905],[-73.1361,-41.8926],[-73.1306,-41.8926],[-73.1273,-41.8933],[-73.1259,-41.8913],[-73.1279,-41.8883],[-73.1305,-41.888],[-73.1351,-41.8845],[-73.1391,-41.8824],[-73.1375,-41.8814],[-73.1313,-41.8829],[-73.1271,-41.8864],[-73.126,-41.8882],[-73.1216,-41.8921],[-73.1155,-41.8948],[-73.1077,-41.9005],[-73.1055,-41.9036],[-73.0956,-41.9042],[-73.0904,-41.9035],[-73.085,-41.9021],[-73.0803,-41.9001],[-73.0772,-41.897],[-73.081,-41.8911],[-73.0783,-41.8905],[-73.0735,-41.8913],[-73.0703,-41.8933],[-73.0665,-41.8967],[-73.0671,-41.8994],[-73.0774,-41.9014],[-73.0786,-41.9009],[-73.0841,-41.9022],[-73.0935,-41.9053],[-73.094,-41.9073],[-73.0972,-41.909],[-73.1071,-41.9106],[-73.1114,-41.9119],[-73.1276,-41.9134],[-73.1393,-41.914],[-73.1442,-41.9139],[-73.1529,-41.9117],[-73.1615,-41.9083],[-73.1602,-41.9061],[-73.1567,-41.9063],[-73.152,-41.9041],[-73.1488,-41.9047],[-73.1415,-41.9071],[-73.1365,-41.908],[-73.1327,-41.9066],[-73.1264,-41.9052],[-73.1204,-41.9052],[-73.1177,-41.9031],[-73.1167,-41.8968],[-73.1201,-41.8952],[-73.1257,-41.8937],[-73.1312,-41.8929],[-73.1337,-41.8937],[-73.1365,-41.8928],[-73.1401,-41.89],[-73.1454,-41.8892],[-73.1496,-41.8849],[-73.1531,-41.8823],[-73.1577,-41.8817],[-73.1614,-41.8778],[-73.1691,-41.8775],[-73.1719,-41.8752],[-73.1829,-41.8718],[-73.181,-41.8687],[-73.1758,-41.8717]]],[[[-72.9114,-41.8663],[-72.9082,-41.8669],[-72.8968,-41.8698],[-72.8961,-41.8713],[-72.9006,-41.8717],[-72.9044,-41.8737],[-72.904,-41.8762],[-72.9,-41.8792],[-72.8983,-41.884],[-72.8992,-41.8876],[-72.8933,-41.8912],[-72.8935,-41.8972],[-72.8988,-41.8973],[-72.9098,-41.8951],[-72.9137,-41.8941],[-72.9213,-41.8911],[-72.926,-41.8855],[-72.9267,-41.8829],[-72.9319,-41.8794],[-72.935,-41.8761],[-72.9346,-41.8743],[-72.9302,-41.8707],[-72.9256,-41.869],[-72.921,-41.8687],[-72.9114,-41.8663]]],[[[-73.1536,-41.8222],[-73.1495,-41.822],[-73.1422,-41.8247],[-73.1411,-41.8287],[-73.1372,-41.8302],[-73.1343,-41.8323],[-73.1398,-41.8339],[-73.1436,-41.8361],[-73.1431,-41.838],[-73.1501,-41.8386],[-73.1516,-41.8356],[-73.154,-41.8328],[-73.1558,-41.8326],[-73.1619,-41.8283],[-73.1635,-41.8262],[-73.166,-41.8206],[-73.1647,-41.818],[-73.1626,-41.8167],[-73.1536,-41.8222]]],[[[-73.1229,-41.8151],[-73.1189,-41.8162],[-73.1144,-41.8197],[-73.1091,-41.8223],[-73.1034,-41.8211],[-73.1005,-41.8215],[-73.098,-41.8232],[-73.0951,-41.8272],[-73.0908,-41.8294],[-73.0884,-41.8293],[-73.0843,-41.8346],[-73.0897,-41.8379],[-73.0891,-41.8414],[-73.0893,-41.8457],[-73.0908,-41.8489],[-73.0993,-41.853],[-73.0997,-41.848],[-73.103,-41.8452],[-73.1051,-41.8412],[-73.1077,-41.8398],[-73.11,-41.8353],[-73.1088,-41.8348],[-73.105,-41.8372],[-73.1032,-41.8352],[-73.0996,-41.8352],[-73.0971,-41.833],[-73.1092,-41.827],[-73.1159,-41.8265],[-73.1181,-41.8249],[-73.1215,-41.8212],[-73.1232,-41.8203],[-73.1229,-41.8151]]],[[[-73.3427,-41.7987],[-73.3393,-41.7986],[-73.3363,-41.8016],[-73.3351,-41.8054],[-73.3308,-41.8068],[-73.3266,-41.8068],[-73.3235,-41.8104],[-73.3211,-41.8147],[-73.3209,-41.8182],[-73.3254,-41.8225],[-73.3287,-41.827],[-73.3367,-41.8303],[-73.3477,-41.8328],[-73.3459,-41.8312],[-73.3407,-41.8309],[-73.3386,-41.8301],[-73.3369,-41.8277],[-73.3355,-41.8239],[-73.3283,-41.8185],[-73.3281,-41.8168],[-73.3297,-41.8121],[-73.3341,-41.811],[-73.3355,-41.8097],[-73.3346,-41.8075],[-73.3358,-41.8051],[-73.3377,-41.8058],[-73.34,-41.8043],[-73.3489,-41.8034],[-73.3495,-41.801],[-73.3465,-41.7985],[-73.3427,-41.7987]]],[[[-73.0989,-41.7638],[-73.1022,-41.7643],[-73.1054,-41.7628],[-73.1017,-41.7609],[-73.098,-41.7604],[-73.0989,-41.7638]]],[[[-73.0553,-41.7327],[-73.0541,-41.7338],[-73.0535,-41.7369],[-73.0497,-41.7458],[-73.0386,-41.7528],[-73.0366,-41.7598],[-73.0347,-41.7649],[-73.0302,-41.7692],[-73.0292,-41.7754],[-73.0296,-41.784],[-73.0277,-41.7909],[-73.0256,-41.7942],[-73.0215,-41.798],[-73.0131,-41.807],[-73.0103,-41.8091],[-73.0001,-41.8154],[-72.9933,-41.8213],[-72.9899,-41.8278],[-72.989,-41.8333],[-72.9901,-41.8372],[-72.9899,-41.8393],[-72.9907,-41.8438],[-72.9901,-41.8493],[-72.9879,-41.8544],[-72.9855,-41.8577],[-72.99,-41.8589],[-72.9919,-41.8607],[-72.9959,-41.8625],[-73.0032,-41.8641],[-73.0104,-41.8651],[-73.0114,-41.8656],[-73.017,-41.8651],[-73.0314,-41.8628],[-73.0341,-41.8609],[-73.0341,-41.8592],[-73.0383,-41.8578],[-73.0384,-41.8544],[-73.0395,-41.8501],[-73.0434,-41.849],[-73.0461,-41.8476],[-73.0476,-41.8439],[-73.0521,-41.8431],[-73.0588,-41.8434],[-73.0616,-41.842],[-73.065,-41.8423],[-73.0676,-41.8413],[-73.0746,-41.8359],[-73.076,-41.8335],[-73.0762,-41.8304],[-73.0785,-41.8294],[-73.08,-41.8267],[-73.0835,-41.824],[-73.0865,-41.8234],[-73.0943,-41.8203],[-73.0948,-41.8182],[-73.0984,-41.8163],[-73.1012,-41.8166],[-73.1028,-41.8149],[-73.1071,-41.8134],[-73.1106,-41.8111],[-73.1155,-41.8065],[-73.1158,-41.8041],[-73.1121,-41.8006],[-73.1075,-41.7995],[-73.0994,-41.8048],[-73.097,-41.8058],[-73.0943,-41.8085],[-73.0897,-41.811],[-73.0874,-41.8131],[-73.081,-41.8167],[-73.0783,-41.817],[-73.0735,-41.8189],[-73.0735,-41.8172],[-73.0819,-41.8119],[-73.0854,-41.809],[-73.0886,-41.8072],[-73.0936,-41.8019],[-73.0958,-41.8004],[-73.0988,-41.7969],[-73.1012,-41.7915],[-73.097,-41.7898],[-73.0938,-41.7904],[-73.0904,-41.7923],[-73.087,-41.7927],[-73.0814,-41.7951],[-73.0758,-41.7993],[-73.071,-41.8003],[-73.0687,-41.803],[-73.0661,-41.8042],[-73.0628,-41.8071],[-73.0586,-41.8089],[-73.0575,-41.8105],[-73.0531,-41.8138],[-73.0517,-41.8168],[-73.0472,-41.8211],[-73.0452,-41.8184],[-73.0451,-41.8164],[-73.0496,-41.8131],[-73.0498,-41.8111],[-73.0517,-41.8105],[-73.0568,-41.8011],[-73.0617,-41.7979],[-73.0655,-41.7941],[-73.0741,-41.7876],[-73.0766,-41.7875],[-73.0846,-41.7837],[-73.0875,-41.7815],[-73.0906,-41.7776],[-73.0944,-41.7768],[-73.0978,-41.7725],[-73.091,-41.7738],[-73.0861,-41.7772],[-73.0829,-41.778],[-73.0753,-41.7769],[-73.0726,-41.7756],[-73.0679,-41.7754],[-73.0662,-41.7741],[-73.072,-41.773],[-73.0759,-41.7698],[-73.0765,-41.7658],[-73.0786,-41.7645],[-73.0824,-41.7665],[-73.0831,-41.7678],[-73.0874,-41.7654],[-73.088,-41.7605],[-73.086,-41.7561],[-73.0831,-41.7538],[-73.08,-41.7536],[-73.0797,-41.7505],[-73.0785,-41.7488],[-73.0742,-41.7477],[-73.0758,-41.7459],[-73.0814,-41.7499],[-73.0866,-41.75],[-73.0869,-41.753],[-73.0894,-41.7527],[-73.0874,-41.7465],[-73.0836,-41.7428],[-73.0784,-41.742],[-73.0724,-41.7379],[-73.0656,-41.7346],[-73.0613,-41.7335],[-73.058,-41.7316],[-73.0553,-41.7327]]],[[[-73.2293,-41.7371],[-73.2222,-41.7367],[-73.2169,-41.7355],[-73.2138,-41.7356],[-73.2106,-41.7371],[-73.2013,-41.7452],[-73.1992,-41.7485],[-73.1955,-41.751],[-73.1898,-41.7566],[-73.1892,-41.7598],[-73.1921,-41.7644],[-73.192,-41.7685],[-73.1934,-41.7713],[-73.1931,-41.773],[-73.195,-41.7747],[-73.1941,-41.7783],[-73.1919,-41.7779],[-73.19,-41.7825],[-73.1869,-41.784],[-73.1838,-41.7843],[-73.1799,-41.782],[-73.1799,-41.7785],[-73.1769,-41.7764],[-73.1725,-41.776],[-73.162,-41.7768],[-73.158,-41.7761],[-73.1565,-41.7805],[-73.1572,-41.784],[-73.1588,-41.7867],[-73.1592,-41.7905],[-73.1602,-41.7912],[-73.1678,-41.7915],[-73.1724,-41.791],[-73.1739,-41.792],[-73.1792,-41.7885],[-73.1812,-41.7885],[-73.1879,-41.7856],[-73.1931,-41.7856],[-73.1994,-41.7876],[-73.2035,-41.79],[-73.2053,-41.7918],[-73.206,-41.7949],[-73.2115,-41.7949],[-73.2204,-41.7962],[-73.2266,-41.8004],[-73.2296,-41.8006],[-73.2324,-41.8023],[-73.2353,-41.8023],[-73.2388,-41.8011],[-73.2424,-41.8009],[-73.2463,-41.7963],[-73.2445,-41.7901],[-73.239,-41.7842],[-73.2383,-41.7818],[-73.2359,-41.7779],[-73.2349,-41.7733],[-73.2327,-41.7716],[-73.237,-41.7673],[-73.2407,-41.7589],[-73.2406,-41.7547],[-73.2396,-41.7525],[-73.2406,-41.7476],[-73.2434,-41.7442],[-73.2465,-41.7366],[-73.2479,-41.7348],[-73.2471,-41.7315],[-73.2451,-41.7293],[-73.245,-41.7276],[-73.2476,-41.7224],[-73.2458,-41.7198],[-73.2425,-41.7211],[-73.2391,-41.7276],[-73.2364,-41.7303],[-73.2345,-41.7334],[-73.2293,-41.7371]]],[[[-73.049,-41.7224],[-73.0524,-41.7237],[-73.0543,-41.7258],[-73.0589,-41.7246],[-73.0597,-41.723],[-73.0539,-41.7206],[-73.0493,-41.7195],[-73.0453,-41.7173],[-73.0458,-41.7206],[-73.049,-41.7224]]],[[[-72.9892,-41.6575],[-72.9853,-41.6589],[-72.9862,-41.6611],[-72.9889,-41.6633],[-72.9887,-41.665],[-72.9892,-41.6663],[-72.983,-41.667],[-72.9798,-41.6665],[-72.9771,-41.6648],[-72.9722,-41.6648],[-72.9696,-41.6663],[-72.966,-41.6648],[-72.9698,-41.6637],[-72.9698,-41.6622],[-72.9743,-41.6605],[-72.9695,-41.6579],[-72.9652,-41.6579],[-72.9599,-41.6593],[-72.9573,-41.6593],[-72.9503,-41.6618],[-72.9484,-41.6644],[-72.9433,-41.6663],[-72.9416,-41.6678],[-72.9363,-41.6688],[-72.9346,-41.6701],[-72.9306,-41.6704],[-72.9274,-41.6726],[-72.9209,-41.6744],[-72.9115,-41.676],[-72.9027,-41.6781],[-72.8974,-41.6861],[-72.8877,-41.6939],[-72.8867,-41.698],[-72.8905,-41.7014],[-72.8961,-41.702],[-72.9019,-41.6975],[-72.9111,-41.6962],[-72.9142,-41.6969],[-72.9161,-41.696],[-72.9149,-41.694],[-72.917,-41.6913],[-72.9235,-41.6925],[-72.9187,-41.6946],[-72.9168,-41.6968],[-72.9116,-41.6992],[-72.9111,-41.7052],[-72.9087,-41.7076],[-72.9091,-41.7099],[-72.9121,-41.7098],[-72.9145,-41.7114],[-72.9292,-41.7113],[-72.9331,-41.7109],[-72.9395,-41.7061],[-72.9464,-41.7037],[-72.9489,-41.7005],[-72.9514,-41.6961],[-72.953,-41.6951],[-72.9578,-41.6943],[-72.9639,-41.6945],[-72.9639,-41.6968],[-72.9612,-41.7022],[-72.9588,-41.7052],[-72.9582,-41.7078],[-72.9531,-41.7163],[-72.9525,-41.7188],[-72.9555,-41.7246],[-72.9578,-41.7239],[-72.9635,-41.7241],[-72.9663,-41.7248],[-72.9713,-41.7226],[-72.9802,-41.7221],[-72.9862,-41.7211],[-72.991,-41.7144],[-72.9912,-41.7128],[-72.9953,-41.7074],[-73.0015,-41.7057],[-72.9997,-41.7019],[-73.0,-41.6989],[-73.0013,-41.6978],[-72.9992,-41.6938],[-72.9988,-41.6888],[-72.9958,-41.684],[-72.9931,-41.6819],[-72.9911,-41.6816],[-72.9903,-41.6795],[-72.9924,-41.6784],[-72.9901,-41.6738],[-72.9899,-41.6718],[-72.9926,-41.6694],[-72.9922,-41.6679],[-72.9891,-41.6659],[-72.989,-41.6646],[-72.99,-41.663],[-72.9922,-41.6626],[-72.9931,-41.6588],[-72.9892,-41.6575]]],[[[-73.05,-41.6825],[-73.0507,-41.685],[-73.0502,-41.6885],[-73.0479,-41.6922],[-73.0423,-41.6959],[-73.0395,-41.7004],[-73.0379,-41.7043],[-73.0455,-41.7093],[-73.0473,-41.7121],[-73.0516,-41.7142],[-73.0541,-41.7173],[-73.0611,-41.7215],[-73.0665,-41.7198],[-73.0676,-41.7169],[-73.0726,-41.7136],[-73.0797,-41.7113],[-73.0833,-41.7071],[-73.0839,-41.7049],[-73.0871,-41.7026],[-73.0897,-41.7022],[-73.091,-41.7039],[-73.0966,-41.7033],[-73.0946,-41.7065],[-73.0922,-41.7073],[-73.0945,-41.711],[-73.0943,-41.7136],[-73.0924,-41.7165],[-73.0926,-41.7244],[-73.0932,-41.7284],[-73.0967,-41.7318],[-73.1016,-41.7352],[-73.1026,-41.7383],[-73.1054,-41.7425],[-73.1059,-41.7473],[-73.1165,-41.753],[-73.1231,-41.7535],[-73.1252,-41.7523],[-73.1292,-41.7531],[-73.1322,-41.7547],[-73.1355,-41.7548],[-73.1431,-41.7518],[-73.1499,-41.7501],[-73.151,-41.7487],[-73.1508,-41.7453],[-73.1537,-41.7443],[-73.1586,-41.7413],[-73.1601,-41.7378],[-73.154,-41.728],[-73.1535,-41.7252],[-73.1516,-41.7243],[-73.1512,-41.7212],[-73.1489,-41.7192],[-73.1518,-41.7152],[-73.1538,-41.7159],[-73.158,-41.715],[-73.1594,-41.717],[-73.1585,-41.7183],[-73.1623,-41.7215],[-73.1662,-41.7268],[-73.1668,-41.7301],[-73.1698,-41.7318],[-73.1711,-41.7346],[-73.1715,-41.7401],[-73.1689,-41.7458],[-73.1671,-41.7477],[-73.1623,-41.7512],[-73.1605,-41.7532],[-73.1531,-41.7539],[-73.1455,-41.7539],[-73.1448,-41.7547],[-73.1348,-41.7592],[-73.1302,-41.7604],[-73.1274,-41.7618],[-73.1272,-41.764],[-73.1323,-41.7643],[-73.1324,-41.7668],[-73.1257,-41.7684],[-73.1264,-41.7711],[-73.1244,-41.774],[-73.1241,-41.779],[-73.1263,-41.7784],[-73.1282,-41.7765],[-73.1321,-41.7767],[-73.1326,-41.7805],[-73.1338,-41.7831],[-73.1359,-41.7847],[-73.1411,-41.7868],[-73.143,-41.7883],[-73.1432,-41.7909],[-73.1527,-41.7994],[-73.1521,-41.8032],[-73.1547,-41.8076],[-73.1572,-41.8083],[-73.1639,-41.8073],[-73.1675,-41.8055],[-73.1725,-41.8046],[-73.176,-41.8068],[-73.1826,-41.8045],[-73.1846,-41.803],[-73.1855,-41.8003],[-73.1896,-41.7981],[-73.1905,-41.7963],[-73.1886,-41.7943],[-73.1863,-41.7946],[-73.1818,-41.7932],[-73.1763,-41.7947],[-73.1727,-41.7963],[-73.1699,-41.799],[-73.1651,-41.7988],[-73.1622,-41.7976],[-73.1577,-41.7976],[-73.1544,-41.792],[-73.1521,-41.791],[-73.1468,-41.7855],[-73.1449,-41.7776],[-73.1398,-41.7703],[-73.1372,-41.7687],[-73.1371,-41.7672],[-73.1461,-41.7667],[-73.145,-41.7649],[-73.149,-41.7623],[-73.153,-41.7631],[-73.152,-41.7663],[-73.1532,-41.7686],[-73.1561,-41.7716],[-73.1575,-41.7749],[-73.1605,-41.7746],[-73.1642,-41.7756],[-73.1709,-41.7746],[-73.1789,-41.776],[-73.1799,-41.778],[-73.1821,-41.779],[-73.1851,-41.7833],[-73.1876,-41.7824],[-73.1896,-41.777],[-73.1885,-41.7724],[-73.1896,-41.77],[-73.1855,-41.7673],[-73.1853,-41.7625],[-73.1827,-41.7575],[-73.1834,-41.7546],[-73.186,-41.7527],[-73.1854,-41.7511],[-73.1884,-41.7473],[-73.1928,-41.7465],[-73.1951,-41.7441],[-73.2003,-41.7412],[-73.2041,-41.7377],[-73.2121,-41.734],[-73.2157,-41.7335],[-73.2245,-41.7333],[-73.2277,-41.7313],[-73.2284,-41.7293],[-73.2256,-41.7254],[-73.2268,-41.721],[-73.2319,-41.7172],[-73.2385,-41.7164],[-73.2411,-41.7149],[-73.2471,-41.714],[-73.2514,-41.714],[-73.2526,-41.7168],[-73.2558,-41.7211],[-73.2571,-41.7248],[-73.262,-41.7304],[-73.2603,-41.7408],[-73.2574,-41.746],[-73.2565,-41.7487],[-73.2503,-41.7579],[-73.2481,-41.7626],[-73.2456,-41.766],[-73.2391,-41.7722],[-73.2389,-41.775],[-73.2476,-41.7805],[-73.2559,-41.788],[-73.2635,-41.7878],[-73.2691,-41.7862],[-73.2722,-41.7836],[-73.2779,-41.782],[-73.2825,-41.7795],[-73.2855,-41.7796],[-73.2906,-41.7779],[-73.2946,-41.7778],[-73.3003,-41.7786],[-73.3061,-41.7765],[-73.321,-41.7742],[-73.3262,-41.7741],[-73.329,-41.7721],[-73.3342,-41.7705],[-73.3374,-41.7709],[-73.3449,-41.7734],[-73.3491,-41.7696],[-73.3576,-41.7686],[-73.3616,-41.7687],[-73.371,-41.7645],[-73.3738,-41.7647],[-73.3766,-41.7638],[-73.38,-41.7642],[-73.3824,-41.7635],[-73.3893,-41.7637],[-73.4,-41.7677],[-73.3978,-41.7655],[-73.4022,-41.7634],[-73.406,-41.7658],[-73.4093,-41.7714],[-73.4078,-41.7738],[-73.4076,-41.7773],[-73.4042,-41.7768],[-73.3974,-41.7783],[-73.3947,-41.7765],[-73.3873,-41.7782],[-73.3811,-41.778],[-73.3753,-41.7813],[-73.375,-41.7843],[-73.3713,-41.7888],[-73.3639,-41.7905],[-73.3584,-41.7931],[-73.3569,-41.7945],[-73.3578,-41.7971],[-73.3618,-41.7968],[-73.3633,-41.7989],[-73.3615,-41.8033],[-73.3583,-41.8055],[-73.3477,-41.809],[-73.3487,-41.8118],[-73.3518,-41.8101],[-73.3624,-41.809],[-73.3676,-41.8103],[-73.3743,-41.8097],[-73.3777,-41.8083],[-73.3853,-41.8079],[-73.391,-41.8064],[-73.3972,-41.8034],[-73.3994,-41.8006],[-73.3984,-41.7977],[-73.3999,-41.7954],[-73.4056,-41.7929],[-73.4108,-41.7897],[-73.4143,-41.7863],[-73.4156,-41.7841],[-73.4207,-41.7828],[-73.4272,-41.7829],[-73.438,-41.7849],[-73.4439,-41.7867],[-73.4602,-41.793],[-73.4702,-41.7978],[-73.4764,-41.7996],[-73.4811,-41.7992],[-73.486,-41.7978],[-73.4886,-41.7963],[-73.4913,-41.7962],[-73.4998,-41.7924],[-73.5091,-41.7891],[-73.5109,-41.7871],[-73.516,-41.7832],[-73.5233,-41.7798],[-73.5337,-41.7769],[-73.5403,-41.7734],[-73.5398,-41.7725],[-73.5347,-41.7725],[-73.5314,-41.7712],[-73.523,-41.7719],[-73.5218,-41.773],[-73.515,-41.7714],[-73.5102,-41.7694],[-73.502,-41.7681],[-73.4982,-41.7664],[-73.499,-41.7648],[-73.4965,-41.7629],[-73.4928,-41.763],[-73.4899,-41.7619],[-73.4868,-41.7585],[-73.4857,-41.7537],[-73.478,-41.7486],[-73.4699,-41.7449],[-73.4626,-41.7426],[-73.4571,-41.7415],[-73.4503,-41.7413],[-73.4392,-41.7428],[-73.4357,-41.7437],[-73.4289,-41.7446],[-73.4247,-41.7464],[-73.4169,-41.7506],[-73.4124,-41.75],[-73.409,-41.7474],[-73.4038,-41.7461],[-73.3954,-41.746],[-73.3415,-41.6887],[-73.3177,-41.6634],[-73.274,-41.6169],[-73.2726,-41.6159],[-73.2627,-41.6054],[-73.2604,-41.6038],[-73.2388,-41.5921],[-73.2065,-41.5747],[-73.2039,-41.5739],[-73.1941,-41.5724],[-73.1912,-41.576],[-73.1859,-41.5764],[-73.1789,-41.5785],[-73.1694,-41.5761],[-73.1662,-41.5747],[-73.1617,-41.5716],[-73.1592,-41.573],[-73.1574,-41.5756],[-73.1541,-41.5754],[-73.1469,-41.5794],[-73.1438,-41.5798],[-73.1395,-41.5814],[-73.1391,-41.5827],[-73.1319,-41.5834],[-73.1288,-41.5862],[-73.1278,-41.5889],[-73.1285,-41.5914],[-73.125,-41.595],[-73.1225,-41.5983],[-73.12,-41.5985],[-73.1201,-41.6011],[-73.1149,-41.6056],[-73.1157,-41.6074],[-73.1149,-41.6132],[-73.1159,-41.6172],[-73.1138,-41.6205],[-73.1088,-41.6225],[-73.1069,-41.6244],[-73.1067,-41.6274],[-73.1098,-41.6315],[-73.1123,-41.632],[-73.1147,-41.6344],[-73.1181,-41.6356],[-73.1195,-41.6373],[-73.1202,-41.6413],[-73.1233,-41.6495],[-73.1291,-41.6537],[-73.1324,-41.6577],[-73.1352,-41.6588],[-73.1385,-41.6574],[-73.1456,-41.657],[-73.1439,-41.6589],[-73.1399,-41.6604],[-73.1356,-41.6631],[-73.1343,-41.6669],[-73.1351,-41.6729],[-73.137,-41.6741],[-73.1378,-41.6765],[-73.1374,-41.6796],[-73.135,-41.6789],[-73.1271,-41.6827],[-73.1249,-41.6848],[-73.1175,-41.6902],[-73.1163,-41.6904],[-73.1105,-41.6874],[-73.1087,-41.6874],[-73.0976,-41.6898],[-73.0909,-41.6881],[-73.0869,-41.6878],[-73.0811,-41.6864],[-73.0781,-41.6876],[-73.07,-41.684],[-73.0645,-41.6846],[-73.0575,-41.6843],[-73.05,-41.6825]]]]}},{"type":"Feature","properties":{"codigo_comuna":"10108","codigo_provincia":"101","codigo_region":"00010","comuna":"Maullín"},"geometry":{"type":"MultiPolygon","coordinates":[[[[-73.8106,-41.7306],[-73.8109,-41.7355],[-73.8092,-41.7371],[-73.8019,-41.7391],[-73.7995,-41.7428],[-73.8031,-41.7451],[-73.8065,-41.7435],[-73.8094,-41.7437],[-73.8117,-41.7411],[-73.8171,-41.7429],[-73.821,-41.7417],[-73.8213,-41.7388],[-73.8183,-41.7384],[-73.8183,-41.7354],[-73.8166,-41.7319],[-73.8147,-41.7304],[-73.8106,-41.7306]]],[[[-73.508,-41.55],[-73.5119,-41.5561],[-73.5161,-41.5591],[-73.5172,-41.5613],[-73.5163,-41.5634],[-73.5185,-41.5683],[-73.5201,-41.5691],[-73.521,-41.5737],[-73.5236,-41.578],[-73.5264,-41.5814],[-73.5263,-41.5847],[-73.5296,-41.5884],[-73.5328,-41.5906],[-73.5358,-41.5911],[-73.5407,-41.5897],[-73.5458,-41.5902],[-73.5553,-41.5943],[-73.561,-41.5912],[-73.5659,-41.586],[-73.5712,-41.5892],[-73.5703,-41.5916],[-73.574,-41.591],[-73.582,-41.5915],[-73.587,-41.5891],[-73.5879,-41.5908],[-73.5857,-41.5922],[-73.5786,-41.592],[-73.5742,-41.5925],[-73.5719,-41.5949],[-73.582,-41.6028],[-73.5819,-41.6052],[-73.5869,-41.6049],[-73.5912,-41.6033],[-73.5927,-41.6047],[-73.5971,-41.6048],[-73.5995,-41.6057],[-73.6035,-41.6056],[-73.6103,-41.5997],[-73.6152,-41.5935],[-73.6185,-41.5925],[-73.6258,-41.587],[-73.6323,-41.5835],[-73.6361,-41.5821],[-73.6382,-41.5822],[-73.6445,-41.5797],[-73.6473,-41.5795],[-73.6521,-41.5823],[-73.6531,-41.5854],[-73.6559,-41.5846],[-73.6565,-41.5799],[-73.6594,-41.5756],[-73.6621,-41.5748],[-73.6635,-41.5722],[-73.654,-41.5689],[-73.6496,-41.5699],[-73.6481,-41.5678],[-73.645,-41.5673],[-73.6398,-41.562],[-73.6351,-41.5607],[-73.6289,-41.5608],[-73.6249,-41.5617],[-73.6198,-41.5613],[-73.6206,-41.56],[-73.6191,-41.5574],[-73.6137,-41.5558],[-73.6131,-41.5525],[-73.6089,-41.5512],[-73.6072,-41.5525],[-73.6069,-41.5547],[-73.605,-41.5566],[-73.6025,-41.5562],[-73.6012,-41.5526],[-73.5965,-41.5503],[-73.5931,-41.5471],[-73.5877,-41.5449],[-73.5835,-41.5465],[-73.5818,-41.5445],[-73.577,-41.5442],[-73.5676,-41.546],[-73.5594,-41.5515],[-73.557,-41.5549],[-73.5533,-41.5558],[-73.5469,-41.5553],[-73.5464,-41.5522],[-73.5435,-41.5507],[-73.5443,-41.5493],[-73.5425,-41.5476],[-73.5422,-41.5441],[-73.5401,-41.5407],[-73.5401,-41.5392],[-73.5367,-41.5363],[-73.5368,-41.533],[-73.5328,-41.5321],[-73.5309,-41.5337],[-73.5272,-41.534],[-73.5255,-41.5367],[-73.5229,-41.537],[-73.5256,-41.5415],[-73.5198,-41.544],[-73.5184,-41.5473],[-73.5145,-41.5488],[-73.5116,-41.5479],[-73.5124,-41.551],[-73.508,-41.55]]],[[[-73.4531,-41.5175],[-73.4513,-41.5199],[-73.4544,-41.5227],[-73.4557,-41.5214],[-73.4531,-41.5175]]],[[[-73.4064,-41.5185],[-73.4097,-41.516],[-73.407,-41.5153],[-73.4064,-41.5185]]],[[[-73.4082,-41.5135],[-73.4051,-41.5152],[-73.4032,-41.5194],[-73.4059,-41.5188],[-73.4062,-41.5158],[-73.4082,-41.5135]]],[[[-73.4275,-41.5054],[-73.4225,-41.5063],[-73.4218,-41.5081],[-73.4241,-41.5101],[-73.4314,-41.5134],[-73.4348,-41.5093],[-73.4372,-41.5135],[-73.4415,-41.5147],[-73.4492,-41.5178],[-73.452,-41.5175],[-73.4438,-41.5119],[-73.4436,-41.5102],[-73.4409,-41.5101],[-73.4384,-41.5078],[-73.4345,-41.5062],[-73.4275,-41.5054]]],[[[-73.3484,-41.5228],[-73.3446,-41.5213],[-73.3371,-41.5149],[-73.3347,-41.5104],[-73.3325,-41.5078],[-73.3281,-41.5091],[-73.3277,-41.5128],[-73.3286,-41.5162],[-73.3267,-41.5197],[-73.3287,-41.5235],[-73.3241,-41.5277],[-73.3252,-41.5297],[-73.3245,-41.5344],[-73.3212,-41.5356],[-73.3195,-41.535],[-73.3165,-41.5359],[-73.3137,-41.5344],[-73.3084,-41.5402],[-73.3084,-41.542],[-73.3058,-41.5449],[-73.3005,-41.5461],[-73.2984,-41.5476],[-73.2977,-41.5502],[-73.2949,-41.5513],[-73.2896,-41.5556],[-73.2872,-41.5559],[-73.2851,-41.5577],[-73.2792,-41.5587],[-73.2771,-41.5612],[-73.2725,-41.5648],[-73.2654,-41.5661],[-73.2637,-41.5681],[-73.2555,-41.572],[-73.2534,-41.5715],[-73.2483,-41.5672],[-73.2479,-41.5626],[-73.2396,-41.5622],[-73.236,-41.5609],[-73.2317,-41.5621],[-73.2245,-41.5613],[-73.2232,-41.5596],[-73.2181,-41.5579],[-73.2154,-41.5602],[-73.2168,-41.5643],[-73.2159,-41.5674],[-73.214,-41.569],[-73.2097,-41.5704],[-73.2027,-41.5698],[-73.1941,-41.5724],[-73.2039,-41.5739],[-73.2065,-41.5747],[-73.2388,-41.5921],[-73.2604,-41.6038],[-73.2627,-41.6054],[-73.2726,-41.6159],[-73.274,-41.6169],[-73.3177,-41.6634],[-73.3415,-41.6887],[-73.3954,-41.746],[-73.4038,-41.7461],[-73.409,-41.7474],[-73.4124,-41.75],[-73.4169,-41.7506],[-73.4247,-41.7464],[-73.4289,-41.7446],[-73.4357,-41.7437],[-73.4392,-41.7428],[-73.4503,-41.7413],[-73.4571,-41.7415],[-73.4626,-41.7426],[-73.4699,-41.7449],[-73.478,-41.7486],[-73.4857,-41.7537],[-73.4868,-41.7585],[-73.4899,-41.7619],[-73.4928,-41.763],[-73.4965,-41.7629],[-73.499,-41.7648],[-73.4982,-41.7664],[-73.502,-41.7681],[-73.5102,-41.7694],[-73.515,-41.7714],[-73.5218,-41.773],[-73.523,-41.7719],[-73.5314,-41.7712],[-73.5347,-41.7725],[-73.5398,-41.7725],[-73.5403,-41.7734],[-73.5447,-41.7717],[-73.5549,-41.7691],[-73.5585,-41.7693],[-73.5678,-41.7681],[-73.5747,-41.7661],[-73.5783,-41.7656],[-73.5843,-41.7663],[-73.5877,-41.7651],[-73.59,-41.7654],[-73.5951,-41.7641],[-73.6013,-41.7645],[-73.606,-41.7635],[-73.6157,-41.7635],[-73.6265,-41.7608],[-73.6311,-41.7585],[-73.6382,-41.7563],[-73.6439,-41.7585],[-73.649,-41.7588],[-73.6525,-41.7581],[-73.6559,-41.7564],[-73.6587,-41.7567],[-73.6671,-41.754],[-73.6736,-41.7513],[-73.6833,-41.7489],[-73.6896,-41.7465],[-73.6988,-41.7446],[-73.7049,-41.7454],[-73.7057,-41.747],[-73.7051,-41.7508],[-73.7084,-41.7526],[-73.7131,-41.7511],[-73.7161,-41.7522],[-73.7209,-41.7523],[-73.7274,-41.7505],[-73.7311,-41.7473],[-73.7365,-41.7447],[-73.7396,-41.7462],[-73.7445,-41.7463],[-73.7523,-41.7448],[-73.7549,-41.7467],[-73.7578,-41.7452],[-73.7604,-41.7454],[-73.7613,-41.7426],[-73.7608,-41.7397],[-73.7581,-41.7391],[-73.7518,-41.7423],[-73.7457,-41.7414],[-73.7432,-41.7428],[-73.7383,-41.7419],[-73.731,-41.7382],[-73.7237,-41.7309],[-73.7185,-41.7246],[-73.7157,-41.7196],[-73.7152,-41.7175],[-73.7022,-41.6975],[-73.6994,-41.6919],[-73.694,-41.6795],[-73.6907,-41.6705],[-73.6868,-41.6611],[-73.6864,-41.6593],[-73.6933,-41.6546],[-73.6926,-41.652],[-73.6897,-41.652],[-73.6889,-41.6504],[-73.6902,-41.647],[-73.6919,-41.6471],[-73.6919,-41.6408],[-73.694,-41.6392],[-73.6941,-41.6372],[-73.6972,-41.6359],[-73.697,-41.6337],[-73.6904,-41.6337],[-73.6878,-41.63],[-73.6862,-41.6334],[-73.686,-41.6361],[-73.6832,-41.6372],[-73.6799,-41.6368],[-73.6741,-41.6372],[-73.673,-41.6396],[-73.6681,-41.6362],[-73.6645,-41.6306],[-73.6635,-41.6278],[-73.6603,-41.6241],[-73.6583,-41.6193],[-73.6553,-41.6141],[-73.6549,-41.6082],[-73.6527,-41.6039],[-73.6481,-41.6017],[-73.6407,-41.6018],[-73.6368,-41.6044],[-73.6342,-41.6049],[-73.6293,-41.6082],[-73.6177,-41.6126],[-73.6107,-41.6138],[-73.609,-41.6146],[-73.6014,-41.6139],[-73.5987,-41.6152],[-73.593,-41.6161],[-73.5931,-41.6195],[-73.5942,-41.6227],[-73.5938,-41.6263],[-73.5914,-41.6298],[-73.5892,-41.6309],[-73.5855,-41.6346],[-73.5828,-41.6361],[-73.5794,-41.6391],[-73.5744,-41.642],[-73.5683,-41.6441],[-73.5689,-41.6416],[-73.5776,-41.6357],[-73.5855,-41.6297],[-73.5866,-41.6274],[-73.5855,-41.6217],[-73.5876,-41.6187],[-73.5871,-41.6162],[-73.5817,-41.6144],[-73.5758,-41.6205],[-73.5763,-41.6225],[-73.5744,-41.6247],[-73.5707,-41.6243],[-73.5659,-41.6269],[-73.563,-41.6297],[-73.5618,-41.6291],[-73.5667,-41.6252],[-73.57,-41.6241],[-73.5736,-41.6238],[-73.5744,-41.6189],[-73.573,-41.6167],[-73.566,-41.6124],[-73.5637,-41.6083],[-73.5584,-41.6083],[-73.5509,-41.6091],[-73.5435,-41.6072],[-73.5405,-41.6071],[-73.5369,-41.6089],[-73.5356,-41.6058],[-73.5316,-41.6112],[-73.5269,-41.6129],[-73.5223,-41.6133],[-73.5196,-41.615],[-73.5182,-41.6183],[-73.5162,-41.6202],[-73.5122,-41.6172],[-73.5141,-41.6138],[-73.5136,-41.6104],[-73.5153,-41.6041],[-73.5133,-41.6011],[-73.5146,-41.5977],[-73.5138,-41.5938],[-73.5103,-41.5922],[-73.5096,-41.5878],[-73.5061,-41.5824],[-73.5022,-41.582],[-73.5009,-41.579],[-73.5031,-41.5785],[-73.5026,-41.5762],[-73.5045,-41.5741],[-73.5008,-41.5683],[-73.5005,-41.5649],[-73.5015,-41.5634],[-73.4989,-41.5576],[-73.4975,-41.5566],[-73.4963,-41.5529],[-73.4933,-41.5479],[-73.4917,-41.54],[-73.4918,-41.5349],[-73.4891,-41.5306],[-73.4812,-41.5255],[-73.478,-41.524],[-73.4746,-41.5234],[-73.4681,-41.5242],[-73.4593,-41.5244],[-73.4549,-41.5239],[-73.4527,-41.5221],[-73.4429,-41.5161],[-73.4358,-41.5144],[-73.4312,-41.5144],[-73.4246,-41.5115],[-73.42,-41.5074],[-73.4154,-41.5079],[-73.4126,-41.5101],[-73.4113,-41.5124],[-73.4111,-41.5161],[-73.4085,-41.5186],[-73.4056,-41.5199],[-73.3942,-41.5231],[-73.3927,-41.5223],[-73.4026,-41.5193],[-73.4045,-41.515],[-73.4094,-41.5127],[-73.411,-41.5084],[-73.4107,-41.5064],[-73.4069,-41.5038],[-73.3913,-41.5065],[-73.3869,-41.507],[-73.3783,-41.5065],[-73.375,-41.5073],[-73.3702,-41.5103],[-73.3668,-41.5131],[-73.3639,-41.5166],[-73.3589,-41.5208],[-73.3523,-41.5233],[-73.3484,-41.5228]]],[[[-73.7079,-41.4941],[-73.7066,-41.4952],[-73.7078,-41.498],[-73.705,-41.501],[-73.6966,-41.5051],[-73.6948,-41.5087],[-73.6926,-41.5108],[-73.693,-41.5149],[-73.6889,-41.5191],[-73.6882,-41.5246],[-73.6851,-41.5288],[-73.6834,-41.5339],[-73.6833,-41.5367],[-73.6809,-41.5371],[-73.6751,-41.5402],[-73.6745,-41.5475],[-73.6737,-41.5523],[-73.6771,-41.5537],[-73.6764,-41.5587],[-73.6754,-41.5598],[-73.6761,-41.5648],[-73.6778,-41.5665],[-73.6767,-41.5706],[-73.6783,-41.574],[-73.6765,-41.5763],[-73.6739,-41.5774],[-73.6729,-41.5798],[-73.6778,-41.5801],[-73.6793,-41.5842],[-73.6772,-41.588],[-73.6734,-41.5873],[-73.6717,-41.5848],[-73.6661,-41.5857],[-73.6645,-41.5872],[-73.662,-41.5873],[-73.6577,-41.5897],[-73.6579,-41.5906],[-73.6653,-41.593],[-73.6673,-41.5961],[-73.6712,-41.6002],[-73.6748,-41.6023],[-73.6768,-41.6007],[-73.6767,-41.5985],[-73.6802,-41.5942],[-73.6823,-41.5935],[-73.6837,-41.596],[-73.6878,-41.5963],[-73.6911,-41.5942],[-73.6965,-41.5943],[-73.7003,-41.5931],[-73.7002,-41.5917],[-73.7034,-41.5864],[-73.7078,-41.5847],[-73.708,-41.5823],[-73.7134,-41.5772],[-73.7204,-41.5711],[-73.7298,-41.5649],[-73.7398,-41.5605],[-73.7447,-41.5591],[-73.7531,-41.5576],[-73.7618,-41.5576],[-73.7695,-41.5593],[-73.7727,-41.561],[-73.7746,-41.5651],[-73.7711,-41.5677],[-73.7696,-41.5709],[-73.7706,-41.5723],[-73.775,-41.572],[-73.7814,-41.574],[-73.7826,-41.5791],[-73.7867,-41.5828],[-73.79,-41.5825],[-73.7916,-41.5811],[-73.7892,-41.5783],[-73.7898,-41.576],[-73.7937,-41.5753],[-73.7947,-41.5718],[-73.7925,-41.5715],[-73.7873,-41.5688],[-73.7861,-41.5643],[-73.7832,-41.5625],[-73.7834,-41.5577],[-73.7844,-41.5561],[-73.784,-41.55],[-73.7849,-41.5456],[-73.7866,-41.5411],[-73.7868,-41.5386],[-73.7883,-41.5355],[-73.794,-41.5346],[-73.7966,-41.5324],[-73.794,-41.5304],[-73.7947,-41.5269],[-73.7927,-41.5263],[-73.7894,-41.5249],[-73.7877,-41.5273],[-73.7849,-41.5278],[-73.7797,-41.5235],[-73.7738,-41.5274],[-73.7723,-41.5278],[-73.7664,-41.5267],[-73.7641,-41.5272],[-73.7625,-41.5256],[-73.7594,-41.5246],[-73.7559,-41.5224],[-73.7556,-41.5194],[-73.7507,-41.5184],[-73.7388,-41.5186],[-73.7357,-41.5161],[-73.7299,-41.513],[-73.7279,-41.5106],[-73.7281,-41.5081],[-73.7265,-41.5046],[-73.7269,-41.5023],[-73.7251,-41.5005],[-73.7242,-41.4953],[-73.7224,-41.4942],[-73.7079,-41.4941]]]]}},{"type":"Feature","properties":{"codigo_comuna":"10103","codigo_provincia":"101","codigo_region":"00010","comuna":"Cochamó"},"geometry":{"type":"MultiPolygon","coordinates":[[[[-72.44,-41.6806],[-72.4412,-41.6847],[-72.435,-41.6831],[-72.4346,-41.6853],[-72.4395,-41.6897],[-72.4439,-41.6904],[-72.4475,-41.6937],[-72.4504,-41.6953],[-72.4533,-41.698],[-72.4549,-41.6964],[-72.4572,-41.6994],[-72.4613,-41.702],[-72.4678,-41.7048],[-72.4702,-41.7048],[-72.4741,-41.7065],[-72.4781,-41.7057],[-72.4797,-41.7006],[-72.4679,-41.6989],[-72.462,-41.6958],[-72.4615,-41.6926],[-72.4589,-41.6903],[-72.459,-41.6859],[-72.4544,-41.6831],[-72.4506,-41.6834],[-72.444,-41.6822],[-72.4423,-41.6807],[-72.44,-41.6806]]],[[[-72.3092,-41.6571],[-72.3124,-41.6552],[-72.3082,-41.6543],[-72.3092,-41.6571]]],[[[-72.326,-41.4515],[-72.3237,-41.4538],[-72.3259,-41.456],[-72.3252,-41.4615],[-72.3289,-41.4655],[-72.3288,-41.4707],[-72.3297,-41.4717],[-72.3294,-41.4761],[-72.3259,-41.4789],[-72.327,-41.48],[-72.326,-41.4843],[-72.3299,-41.4873],[-72.3306,-41.4886],[-72.3293,-41.4937],[-72.3278,-41.4946],[-72.3266,-41.4974],[-72.3244,-41.5],[-72.3255,-41.5017],[-72.3294,-41.5029],[-72.3303,-41.5071],[-72.3315,-41.5092],[-72.3369,-41.5121],[-72.3388,-41.5137],[-72.3391,-41.522],[-72.3404,-41.5238],[-72.3416,-41.5285],[-72.3407,-41.5334],[-72.3395,-41.5352],[-72.3407,-41.5418],[-72.342,-41.5465],[-72.3454,-41.5519],[-72.3478,-41.5574],[-72.347,-41.5593],[-72.3484,-41.5642],[-72.3481,-41.5689],[-72.3521,-41.5771],[-72.3527,-41.5823],[-72.3534,-41.5836],[-72.3532,-41.5889],[-72.3546,-41.5931],[-72.354,-41.5974],[-72.3556,-41.604],[-72.3585,-41.6074],[-72.3604,-41.6148],[-72.3622,-41.6185],[-72.3625,-41.621],[-72.3614,-41.6233],[-72.3638,-41.6266],[-72.3662,-41.6332],[-72.3659,-41.6359],[-72.3671,-41.6379],[-72.3695,-41.6387],[-72.371,-41.6368],[-72.3742,-41.6399],[-72.3773,-41.6414],[-72.3814,-41.6445],[-72.3883,-41.6509],[-72.3852,-41.6527],[-72.3831,-41.6556],[-72.3861,-41.6604],[-72.3899,-41.6623],[-72.3909,-41.661],[-72.3957,-41.6635],[-72.4034,-41.662],[-72.4126,-41.6686],[-72.4235,-41.6696],[-72.4229,-41.6712],[-72.4275,-41.6738],[-72.4298,-41.6734],[-72.4332,-41.6759],[-72.4347,-41.6779],[-72.4391,-41.6791],[-72.441,-41.6773],[-72.4449,-41.6767],[-72.4451,-41.6744],[-72.4491,-41.673],[-72.452,-41.6749],[-72.452,-41.6764],[-72.456,-41.6774],[-72.4658,-41.681],[-72.4682,-41.681],[-72.471,-41.6823],[-72.4795,-41.6905],[-72.4846,-41.691],[-72.4853,-41.6883],[-72.4902,-41.6892],[-72.4929,-41.6878],[-72.5,-41.6912],[-72.5092,-41.6887],[-72.5113,-41.6868],[-72.517,-41.6904],[-72.5204,-41.6958],[-72.5235,-41.698],[-72.5268,-41.6981],[-72.5289,-41.7004],[-72.5354,-41.7043],[-72.5387,-41.7037],[-72.5402,-41.7046],[-72.5411,-41.7076],[-72.5451,-41.71],[-72.5506,-41.7091],[-72.555,-41.7121],[-72.5652,-41.7137],[-72.5672,-41.7134],[-72.5699,-41.7146],[-72.5751,-41.7143],[-72.5786,-41.7129],[-72.5828,-41.7141],[-72.5914,-41.7125],[-72.5941,-41.7106],[-72.6016,-41.7102],[-72.6064,-41.7095],[-72.6089,-41.7105],[-72.6149,-41.7105],[-72.6188,-41.7085],[-72.6236,-41.7086],[-72.6278,-41.708],[-72.6327,-41.7052],[-72.6364,-41.6999],[-72.6404,-41.7003],[-72.6436,-41.699],[-72.6489,-41.6949],[-72.6472,-41.6947],[-72.6395,-41.6972],[-72.6378,-41.6972],[-72.6359,-41.6946],[-72.6322,-41.6941],[-72.6293,-41.6928],[-72.6258,-41.6925],[-72.6179,-41.6888],[-72.6158,-41.6867],[-72.6146,-41.6839],[-72.608,-41.6808],[-72.6026,-41.6812],[-72.5983,-41.6796],[-72.5961,-41.6776],[-72.5925,-41.6758],[-72.5902,-41.6739],[-72.58,-41.6709],[-72.5763,-41.6648],[-72.577,-41.6546],[-72.5763,-41.6526],[-72.5778,-41.6502],[-72.5695,-41.6487],[-72.5674,-41.6473],[-72.5661,-41.6415],[-72.5631,-41.6376],[-72.5575,-41.636],[-72.5484,-41.637],[-72.5451,-41.6383],[-72.5419,-41.6373],[-72.535,-41.6365],[-72.5321,-41.6383],[-72.5243,-41.6408],[-72.5218,-41.6434],[-72.5178,-41.6447],[-72.5159,-41.6422],[-72.5118,-41.6393],[-72.5072,-41.6378],[-72.5044,-41.6354],[-72.5023,-41.632],[-72.4963,-41.6293],[-72.4929,-41.6259],[-72.4934,-41.6219],[-72.4859,-41.6232],[-72.484,-41.6225],[-72.4797,-41.6226],[-72.4779,-41.6249],[-72.4745,-41.6244],[-72.4736,-41.622],[-72.4698,-41.6181],[-72.4672,-41.617],[-72.4679,-41.6115],[-72.466,-41.6094],[-72.4625,-41.609],[-72.4515,-41.6113],[-72.4482,-41.6084],[-72.4438,-41.6058],[-72.4434,-41.5989],[-72.4373,-41.596],[-72.4362,-41.5919],[-72.4338,-41.5901],[-72.4327,-41.5876],[-72.4332,-41.5855],[-72.4314,-41.581],[-72.425,-41.5776],[-72.418,-41.577],[-72.414,-41.5745],[-72.4135,-41.5694],[-72.4156,-41.5666],[-72.416,-41.5637],[-72.4133,-41.5543],[-72.4082,-41.5561],[-72.4056,-41.5579],[-72.4,-41.5571],[-72.397,-41.555],[-72.3948,-41.5511],[-72.3905,-41.5479],[-72.393,-41.5437],[-72.3933,-41.5401],[-72.39,-41.536],[-72.3911,-41.5311],[-72.3932,-41.529],[-72.3912,-41.5268],[-72.3875,-41.5254],[-72.386,-41.5208],[-72.3828,-41.5167],[-72.3831,-41.513],[-72.3814,-41.5102],[-72.3879,-41.5069],[-72.3847,-41.502],[-72.3804,-41.5001],[-72.3776,-41.4976],[-72.377,-41.4939],[-72.3789,-41.4899],[-72.3778,-41.4846],[-72.3781,-41.4814],[-72.3815,-41.4789],[-72.3826,-41.4748],[-72.3852,-41.4722],[-72.3906,-41.4687],[-72.3924,-41.4664],[-72.3966,-41.4631],[-72.4016,-41.463],[-72.4073,-41.4576],[-72.4049,-41.4515],[-72.41,-41.4401],[-72.4131,-41.436],[-72.4193,-41.4347],[-72.4277,-41.4337],[-72.4299,-41.4321],[-72.4333,-41.4317],[-72.4344,-41.4298],[-72.4337,-41.4228],[-72.4283,-41.4206],[-72.4294,-41.4181],[-72.4276,-41.4158],[-72.4206,-41.4148],[-72.4188,-41.4156],[-72.4121,-41.4234],[-72.4109,-41.4216],[-72.4074,-41.4205],[-72.4051,-41.4215],[-72.4025,-41.4256],[-72.3999,-41.428],[-72.4,-41.4296],[-72.3935,-41.4352],[-72.3933,-41.4376],[-72.3895,-41.4399],[-72.3828,-41.4405],[-72.377,-41.4415],[-72.3763,-41.4425],[-72.372,-41.4431],[-72.3702,-41.4424],[-72.3652,-41.4425],[-72.363,-41.4434],[-72.3587,-41.4433],[-72.3557,-41.4424],[-72.3531,-41.4435],[-72.3494,-41.4431],[-72.3377,-41.4451],[-72.3336,-41.4446],[-72.3307,-41.4466],[-72.3299,-41.4497],[-72.3272,-41.4498],[-72.326,-41.4515]]],[[[-71.9094,-41.361],[-71.9078,-41.3627],[-71.901,-41.363],[-71.8993,-41.3646],[-71.8906,-41.3674],[-71.8896,-41.3712],[-71.8901,-41.3734],[-71.8879,-41.3783],[-71.8848,-41.3813],[-71.8799,-41.3828],[-71.8766,-41.3856],[-71.8748,-41.3902],[-71.8681,-41.3941],[-71.8659,-41.3962],[-71.8656,-41.3997],[-71.8686,-41.4053],[-71.8709,-41.408],[-71.8702,-41.4111],[-71.8671,-41.4154],[-71.8639,-41.4222],[-71.8596,-41.4242],[-71.856,-41.425],[-71.8519,-41.4282],[-71.843,-41.4297],[-71.8397,-41.429],[-71.8362,-41.4328],[-71.8362,-41.4352],[-71.8388,-41.4432],[-71.8383,-41.4456],[-71.8408,-41.4494],[-71.8433,-41.4509],[-71.844,-41.4531],[-71.8422,-41.4606],[-71.842,-41.4645],[-71.8393,-41.4687],[-71.8368,-41.4761],[-71.8332,-41.4789],[-71.829,-41.4799],[-71.8277,-41.4818],[-71.8284,-41.4844],[-71.8329,-41.4879],[-71.839,-41.4915],[-71.8416,-41.4946],[-71.8386,-41.4978],[-71.8388,-41.5004],[-71.8431,-41.5021],[-71.8467,-41.5094],[-71.85,-41.5115],[-71.853,-41.5157],[-71.8504,-41.5222],[-71.8485,-41.5235],[-71.8471,-41.5266],[-71.8488,-41.5312],[-71.849,-41.5334],[-71.8479,-41.5359],[-71.8418,-41.538],[-71.8394,-41.5402],[-71.8402,-41.543],[-71.8392,-41.5472],[-71.8363,-41.5494],[-71.8307,-41.5502],[-71.8281,-41.5512],[-71.8312,-41.555],[-71.8296,-41.5615],[-71.8175,-41.5754],[-71.8211,-41.5746],[-71.8242,-41.5754],[-71.8324,-41.5723],[-71.835,-41.5704],[-71.8362,-41.5671],[-71.8379,-41.5662],[-71.8441,-41.5652],[-71.8471,-41.5654],[-71.849,-41.5672],[-71.8501,-41.5727],[-71.8521,-41.5728],[-71.8606,-41.5749],[-71.8609,-41.5771],[-71.864,-41.5825],[-71.8635,-41.5846],[-71.8668,-41.5858],[-71.8705,-41.5857],[-71.8737,-41.5873],[-71.8749,-41.5904],[-71.8746,-41.5931],[-71.8759,-41.598],[-71.8752,-41.6006],[-71.8811,-41.6017],[-71.8853,-41.605],[-71.8849,-41.6067],[-71.8791,-41.6138],[-71.8766,-41.6152],[-71.8727,-41.6155],[-71.8708,-41.6173],[-71.8708,-41.6195],[-71.8686,-41.6218],[-71.8665,-41.6223],[-71.8671,-41.6247],[-71.8654,-41.6304],[-71.8615,-41.6354],[-71.8578,-41.6437],[-71.8561,-41.6453],[-71.8494,-41.6468],[-71.8424,-41.6445],[-71.8357,-41.647],[-71.8365,-41.6513],[-71.8339,-41.6536],[-71.8351,-41.6555],[-71.8333,-41.6592],[-71.8346,-41.6609],[-71.836,-41.6654],[-71.8339,-41.6686],[-71.833,-41.6721],[-71.831,-41.6747],[-71.829,-41.6754],[-71.8243,-41.6727],[-71.8218,-41.6704],[-71.8192,-41.6695],[-71.8169,-41.6718],[-71.816,-41.6754],[-71.8172,-41.6807],[-71.8171,-41.6853],[-71.8153,-41.6895],[-71.8109,-41.6924],[-71.8083,-41.693],[-71.8039,-41.6921],[-71.7968,-41.6918],[-71.7946,-41.694],[-71.7917,-41.7021],[-71.7966,-41.7055],[-71.8002,-41.7114],[-71.8053,-41.7137],[-71.8096,-41.719],[-71.8103,-41.7211],[-71.8086,-41.7222],[-71.7994,-41.7252],[-71.7939,-41.7291],[-71.7922,-41.7315],[-71.7833,-41.7354],[-71.785,-41.738],[-71.7849,-41.7403],[-71.782,-41.7475],[-71.784,-41.75],[-71.783,-41.7523],[-71.7786,-41.7554],[-71.7747,-41.7606],[-71.7759,-41.7653],[-71.7749,-41.7685],[-71.7716,-41.772],[-71.7685,-41.7732],[-71.7649,-41.7809],[-71.7635,-41.7824],[-71.7567,-41.7851],[-71.7533,-41.7855],[-71.7546,-41.7876],[-71.7574,-41.7878],[-71.7674,-41.7861],[-71.7692,-41.7867],[-71.7721,-41.7906],[-71.773,-41.7952],[-71.7712,-41.7974],[-71.771,-41.8001],[-71.7687,-41.8006],[-71.7659,-41.8029],[-71.7661,-41.805],[-71.7684,-41.8081],[-71.7682,-41.811],[-71.7654,-41.8126],[-71.7634,-41.8172],[-71.76,-41.8184],[-71.752,-41.8195],[-71.7519,-41.8212],[-71.7499,-41.8238],[-71.7546,-41.8259],[-71.7598,-41.8248],[-71.7635,-41.828],[-71.7745,-41.8302],[-71.779,-41.83],[-71.7927,-41.8319],[-71.7955,-41.8379],[-71.7955,-41.8421],[-71.7964,-41.8439],[-71.7943,-41.8473],[-71.7908,-41.8511],[-71.7909,-41.8573],[-71.7891,-41.8595],[-71.7905,-41.8651],[-71.792,-41.8693],[-71.7913,-41.8712],[-71.7918,-41.8739],[-71.789,-41.8791],[-71.7895,-41.8824],[-71.7879,-41.8858],[-71.7898,-41.8889],[-71.7883,-41.892],[-71.7849,-41.8951],[-71.7822,-41.8956],[-71.7828,-41.8994],[-71.7792,-41.903],[-71.774,-41.9092],[-71.7739,-41.9135],[-71.7754,-41.9173],[-71.7741,-41.9261],[-71.7725,-41.9292],[-71.7748,-41.9337],[-71.7723,-41.9381],[-71.7755,-41.9387],[-71.783,-41.9447],[-71.7864,-41.9438],[-71.7939,-41.9447],[-71.7945,-41.9475],[-71.791,-41.9522],[-71.7913,-41.9562],[-71.7927,-41.9574],[-71.7941,-41.9625],[-71.7899,-41.9688],[-71.79,-41.9712],[-71.7862,-41.9737],[-71.7857,-41.9761],[-71.7826,-41.9807],[-71.7782,-41.9853],[-71.7792,-41.9867],[-71.7787,-41.9908],[-71.7773,-41.9921],[-71.7761,-41.9964],[-71.7736,-41.9992],[-71.7751,-42.0023],[-71.7726,-42.0082],[-71.7696,-42.0099],[-71.7665,-42.009],[-71.7612,-42.0117],[-71.7601,-42.016],[-71.7587,-42.0177],[-71.7577,-42.0238],[-71.7537,-42.0248],[-71.7538,-42.0289],[-71.7546,-42.0324],[-71.7568,-42.0368],[-71.7541,-42.0365],[-71.7526,-42.038],[-71.7446,-42.0376],[-71.7417,-42.0399],[-71.7348,-42.0427],[-71.7325,-42.0446],[-71.728,-42.0444],[-71.7259,-42.0487],[-71.7247,-42.0543],[-71.725,-42.0598],[-71.7295,-42.0622],[-71.733,-42.0624],[-71.7327,-42.0661],[-71.7391,-42.0742],[-71.7378,-42.0792],[-71.741,-42.0825],[-71.7395,-42.0854],[-71.7345,-42.089],[-71.7321,-42.0919],[-71.7307,-42.0956],[-71.7267,-42.1011],[-71.7286,-42.1056],[-71.7257,-42.1083],[-71.7257,-42.1125],[-71.7271,-42.1155],[-71.7297,-42.119],[-71.7297,-42.1215],[-71.7311,-42.1232],[-71.7356,-42.1252],[-71.7412,-42.1258],[-71.7471,-42.1297],[-71.753,-42.1288],[-71.7546,-42.1305],[-71.7569,-42.1289],[-71.7608,-42.1296],[-71.7709,-42.1287],[-71.7758,-42.1294],[-71.7772,-42.1305],[-71.7754,-42.1323],[-71.775,-42.1359],[-71.7763,-42.138],[-71.7793,-42.1384],[-71.7766,-42.1414],[-71.7765,-42.1433],[-71.7794,-42.145],[-71.7818,-42.148],[-71.7909,-42.1489],[-71.8017,-42.1451],[-71.8065,-42.1464],[-71.8089,-42.1489],[-71.8092,-42.1509],[-71.8166,-42.1562],[-71.82,-42.1576],[-71.8276,-42.1592],[-71.8312,-42.1619],[-71.8368,-42.163],[-71.8405,-42.1606],[-71.8429,-42.1564],[-71.845,-42.1544],[-71.8485,-42.1541],[-71.8507,-42.155],[-71.8583,-42.1594],[-71.863,-42.1575],[-71.8645,-42.1563],[-71.8689,-42.1562],[-71.8707,-42.1549],[-71.8742,-42.1547],[-71.8792,-42.1592],[-71.8809,-42.1633],[-71.8798,-42.1663],[-71.8835,-42.1695],[-71.8865,-42.1732],[-71.8881,-42.1737],[-71.8933,-42.1784],[-71.8968,-42.1803],[-71.9046,-42.1826],[-71.906,-42.1846],[-71.9128,-42.1889],[-71.9149,-42.1893],[-71.9222,-42.1892],[-71.9244,-42.19],[-71.9329,-42.1836],[-71.9367,-42.1817],[-71.937,-42.1797],[-71.9407,-42.1756],[-71.9409,-42.1729],[-71.9444,-42.1706],[-71.9476,-42.1671],[-71.9524,-42.1658],[-71.9537,-42.1646],[-71.9535,-42.1615],[-71.9518,-42.1605],[-71.9511,-42.158],[-71.9564,-42.1542],[-71.9571,-42.1501],[-71.9557,-42.1485],[-71.956,-42.1426],[-71.9593,-42.1402],[-71.965,-42.1394],[-71.9663,-42.1429],[-71.9715,-42.145],[-71.9732,-42.1431],[-71.9814,-42.1411],[-71.9862,-42.1389],[-71.9923,-42.1411],[-71.997,-42.1401],[-72.0013,-42.1404],[-72.0108,-42.1378],[-72.0124,-42.1358],[-72.0133,-42.1312],[-72.0182,-42.1301],[-72.0227,-42.1281],[-72.0244,-42.1244],[-72.0285,-42.1217],[-72.0347,-42.1221],[-72.0395,-42.1267],[-72.041,-42.1269],[-72.0455,-42.1232],[-72.0504,-42.1172],[-72.0528,-42.1138],[-72.0679,-42.117],[-72.0654,-42.1202],[-72.0651,-42.122],[-72.0695,-42.1249],[-72.0754,-42.1258],[-72.0808,-42.1307],[-72.0813,-42.1326],[-72.0752,-42.134],[-72.0657,-42.1371],[-72.0646,-42.1391],[-72.067,-42.1423],[-72.0662,-42.1467],[-72.067,-42.1473],[-72.0741,-42.1468],[-72.078,-42.1454],[-72.08,-42.1427],[-72.084,-42.1428],[-72.0884,-42.1468],[-72.0912,-42.148],[-72.0921,-42.1525],[-72.0942,-42.1533],[-72.1005,-42.1512],[-72.1036,-42.1512],[-72.1094,-42.15],[-72.115,-42.1472],[-72.1174,-42.1486],[-72.1204,-42.1521],[-72.1218,-42.1548],[-72.1295,-42.1535],[-72.1343,-42.1495],[-72.1397,-42.1488],[-72.1441,-42.1469],[-72.1493,-42.1455],[-72.1544,-42.1452],[-72.1587,-42.1438],[-72.1615,-42.1408],[-72.1683,-42.139],[-72.1724,-42.1394],[-72.1756,-42.1423],[-72.1765,-42.1444],[-72.1757,-42.1478],[-72.1773,-42.1496],[-72.1774,-42.1525],[-72.1795,-42.156],[-72.1814,-42.157],[-72.1871,-42.1578],[-72.1938,-42.1597],[-72.1962,-42.1613],[-72.2013,-42.1614],[-72.2051,-42.1622],[-72.2066,-42.1614],[-72.2125,-42.1562],[-72.2133,-42.1547],[-72.2147,-42.1482],[-72.2179,-42.1428],[-72.2274,-42.1375],[-72.2339,-42.1375],[-72.2393,-42.1366],[-72.2442,-42.1345],[-72.2478,-42.1324],[-72.2516,-42.129],[-72.2585,-42.1278],[-72.2627,-42.1261],[-72.2661,-42.124],[-72.2739,-42.1211],[-72.2744,-42.1178],[-72.2715,-42.1141],[-72.2716,-42.11],[-72.2739,-42.1058],[-72.2733,-42.0968],[-72.2747,-42.0916],[-72.278,-42.0863],[-72.2736,-42.0832],[-72.2637,-42.0769],[-72.2609,-42.0765],[-72.2586,-42.0751],[-72.2581,-42.0728],[-72.2601,-42.0676],[-72.2604,-42.0621],[-72.2616,-42.0597],[-72.2659,-42.0608],[-72.2717,-42.0613],[-72.2759,-42.0629],[-72.2803,-42.0612],[-72.286,-42.0605],[-72.2976,-42.0621],[-72.3067,-42.062],[-72.3103,-42.0609],[-72.3129,-42.0585],[-72.317,-42.0583],[-72.3199,-42.0574],[-72.3239,-42.0571],[-72.3225,-42.0545],[-72.3212,-42.0496],[-72.3221,-42.047],[-72.3207,-42.0432],[-72.3171,-42.038],[-72.3139,-42.0342],[-72.3067,-42.0299],[-72.2993,-42.0296],[-72.2993,-42.0285],[-72.3047,-42.0194],[-72.3041,-42.0177],[-72.2971,-42.0167],[-72.2916,-42.0138],[-72.2892,-42.0118],[-72.2881,-42.0079],[-72.2866,-42.0055],[-72.2835,-42.0048],[-72.2782,-42.0049],[-72.2715,-42.0035],[-72.2673,-42.0015],[-72.2619,-41.9999],[-72.2601,-41.9985],[-72.2586,-41.9922],[-72.2516,-41.9938],[-72.2387,-41.9987],[-72.235,-42.0016],[-72.2315,-42.0024],[-72.2287,-42.0041],[-72.2272,-42.008],[-72.23,-42.0138],[-72.2287,-42.0163],[-72.2177,-42.0181],[-72.2067,-42.018],[-72.1998,-42.0168],[-72.1905,-42.0166],[-72.1864,-42.0153],[-72.1832,-42.0128],[-72.1767,-42.0109],[-72.1734,-42.0081],[-72.1739,-42.0054],[-72.1758,-42.0025],[-72.1802,-41.999],[-72.1835,-41.993],[-72.1839,-41.9871],[-72.1817,-41.9831],[-72.1748,-41.9749],[-72.1751,-41.9716],[-72.1697,-41.9664],[-72.1663,-41.9613],[-72.1654,-41.9575],[-72.1599,-41.9527],[-72.163,-41.9397],[-72.1651,-41.9372],[-72.174,-41.935],[-72.1837,-41.9316],[-72.1858,-41.9322],[-72.1898,-41.9352],[-72.1958,-41.9334],[-72.202,-41.9334],[-72.2048,-41.9299],[-72.2136,-41.9224],[-72.2169,-41.9203],[-72.2121,-41.9148],[-72.209,-41.9135],[-72.2015,-41.9138],[-72.1977,-41.9134],[-72.1925,-41.9111],[-72.1893,-41.9065],[-72.1847,-41.9034],[-72.1817,-41.8998],[-72.1824,-41.8941],[-72.1851,-41.8916],[-72.1977,-41.8867],[-72.2031,-41.8875],[-72.2061,-41.8862],[-72.2086,-41.8831],[-72.2129,-41.8826],[-72.2249,-41.8763],[-72.2297,-41.8758],[-72.2319,-41.8769],[-72.2362,-41.8815],[-72.2368,-41.8838],[-72.241,-41.8867],[-72.2493,-41.8864],[-72.2525,-41.885],[-72.2614,-41.8833],[-72.2685,-41.8832],[-72.2703,-41.8826],[-72.2719,-41.8789],[-72.2765,-41.8742],[-72.2761,-41.8704],[-72.2787,-41.8644],[-72.2895,-41.8603],[-72.2918,-41.8602],[-72.2988,-41.8611],[-72.2998,-41.8601],[-72.2983,-41.8532],[-72.2937,-41.8431],[-72.2906,-41.8406],[-72.2899,-41.8371],[-72.2935,-41.8341],[-72.2969,-41.8326],[-72.2976,-41.829],[-72.2973,-41.8256],[-72.2982,-41.8219],[-72.3,-41.8208],[-72.3029,-41.8208],[-72.3104,-41.8177],[-72.3147,-41.8189],[-72.3208,-41.8155],[-72.3259,-41.8137],[-72.3293,-41.8113],[-72.3378,-41.8093],[-72.3498,-41.8108],[-72.3524,-41.81],[-72.3544,-41.8063],[-72.3619,-41.805],[-72.3666,-41.8023],[-72.3763,-41.7947],[-72.3804,-41.79],[-72.389,-41.7835],[-72.3949,-41.7817],[-72.398,-41.7822],[-72.4056,-41.7873],[-72.4094,-41.7907],[-72.4094,-41.7925],[-72.4125,-41.7947],[-72.4135,-41.7967],[-72.4169,-41.7986],[-72.4177,-41.8001],[-72.4216,-41.8042],[-72.4263,-41.8073],[-72.4356,-41.8107],[-72.4406,-41.8131],[-72.4475,-41.8183],[-72.4517,-41.8232],[-72.4563,-41.8239],[-72.4604,-41.8228],[-72.4646,-41.825],[-72.4655,-41.8272],[-72.4733,-41.8318],[-72.4771,-41.8306],[-72.4828,-41.8308],[-72.4848,-41.84],[-72.4956,-41.8479],[-72.4994,-41.8475],[-72.5052,-41.8496],[-72.5125,-41.8486],[-72.5204,-41.8491],[-72.5216,-41.8478],[-72.5201,-41.8429],[-72.5204,-41.8376],[-72.5219,-41.8339],[-72.5231,-41.833],[-72.5291,-41.8323],[-72.5349,-41.833],[-72.5363,-41.8323],[-72.538,-41.8259],[-72.5401,-41.8221],[-72.5445,-41.8203],[-72.5482,-41.8174],[-72.5549,-41.8186],[-72.5606,-41.8185],[-72.5647,-41.82],[-72.5678,-41.8235],[-72.5702,-41.8224],[-72.5739,-41.8191],[-72.579,-41.8171],[-72.5744,-41.8095],[-72.5757,-41.8052],[-72.5728,-41.8033],[-72.5718,-41.8012],[-72.5722,-41.7989],[-72.5745,-41.7947],[-72.5771,-41.7931],[-72.581,-41.7922],[-72.5894,-41.7916],[-72.5962,-41.7888],[-72.5922,-41.7858],[-72.5916,-41.7816],[-72.5953,-41.7793],[-72.594,-41.7743],[-72.5981,-41.7726],[-72.6117,-41.7633],[-72.6118,-41.7619],[-72.6066,-41.7555],[-72.6058,-41.7496],[-72.6107,-41.7455],[-72.6115,-41.7383],[-72.6132,-41.7369],[-72.6201,-41.7368],[-72.6248,-41.7379],[-72.6287,-41.737],[-72.6325,-41.7349],[-72.641,-41.7325],[-72.6476,-41.7319],[-72.6495,-41.7311],[-72.6434,-41.7294],[-72.6394,-41.7303],[-72.6358,-41.7334],[-72.6324,-41.733],[-72.62,-41.733],[-72.6124,-41.7346],[-72.6072,-41.7371],[-72.6033,-41.736],[-72.5987,-41.7373],[-72.5956,-41.7424],[-72.5911,-41.7466],[-72.588,-41.7474],[-72.5832,-41.7466],[-72.5814,-41.7453],[-72.5781,-41.7457],[-72.5761,-41.7435],[-72.5777,-41.7417],[-72.5801,-41.742],[-72.582,-41.7404],[-72.5828,-41.7377],[-72.5759,-41.7342],[-72.5725,-41.7368],[-72.5743,-41.7413],[-72.5733,-41.7448],[-72.5688,-41.7436],[-72.5645,-41.7447],[-72.551,-41.7428],[-72.5467,-41.7409],[-72.5419,-41.7376],[-72.5383,-41.736],[-72.5282,-41.7325],[-72.5179,-41.7275],[-72.5134,-41.7267],[-72.5093,-41.7227],[-72.506,-41.7225],[-72.5002,-41.7243],[-72.4942,-41.7245],[-72.4893,-41.7198],[-72.485,-41.7192],[-72.4824,-41.7206],[-72.4682,-41.7238],[-72.4656,-41.7249],[-72.4603,-41.7217],[-72.4548,-41.719],[-72.4536,-41.717],[-72.4471,-41.7149],[-72.4403,-41.7144],[-72.4392,-41.7127],[-72.4368,-41.7125],[-72.4336,-41.7095],[-72.4284,-41.7098],[-72.4227,-41.7076],[-72.4193,-41.7069],[-72.4177,-41.7055],[-72.4127,-41.7038],[-72.4094,-41.7021],[-72.3952,-41.7005],[-72.3931,-41.6975],[-72.3906,-41.6875],[-72.3858,-41.6845],[-72.3845,-41.6825],[-72.3794,-41.6803],[-72.3775,-41.6809],[-72.3738,-41.6783],[-72.3706,-41.6775],[-72.3626,-41.6769],[-72.3609,-41.6733],[-72.354,-41.6704],[-72.3542,-41.6661],[-72.347,-41.6611],[-72.3399,-41.6594],[-72.3364,-41.6548],[-72.3338,-41.653],[-72.3302,-41.6521],[-72.3284,-41.6505],[-72.3277,-41.6481],[-72.3256,-41.6477],[-72.3232,-41.6492],[-72.3192,-41.6538],[-72.3159,-41.6564],[-72.3109,-41.658],[-72.3071,-41.6571],[-72.3059,-41.6545],[-72.3003,-41.6508],[-72.2923,-41.6468],[-72.2844,-41.6444],[-72.2844,-41.6433],[-72.2915,-41.6452],[-72.2976,-41.6487],[-72.3015,-41.6501],[-72.3084,-41.6533],[-72.3122,-41.6539],[-72.3157,-41.6531],[-72.3191,-41.6501],[-72.3202,-41.6468],[-72.3183,-41.6425],[-72.3216,-41.6379],[-72.3223,-41.6352],[-72.3243,-41.6321],[-72.3225,-41.6292],[-72.3237,-41.6269],[-72.326,-41.6258],[-72.3268,-41.6216],[-72.3259,-41.6197],[-72.3265,-41.6157],[-72.3256,-41.6127],[-72.3256,-41.6074],[-72.3247,-41.6051],[-72.3251,-41.6008],[-72.324,-41.5997],[-72.3234,-41.5926],[-72.3213,-41.5878],[-72.3209,-41.5823],[-72.3186,-41.578],[-72.3181,-41.574],[-72.3158,-41.569],[-72.3116,-41.5622],[-72.3108,-41.5557],[-72.3124,-41.5538],[-72.3123,-41.5501],[-72.3113,-41.5487],[-72.3077,-41.5477],[-72.3046,-41.5444],[-72.3054,-41.5401],[-72.3044,-41.537],[-72.3047,-41.535],[-72.2978,-41.5316],[-72.2923,-41.53],[-72.2872,-41.5239],[-72.2856,-41.5209],[-72.2856,-41.5192],[-72.2891,-41.5174],[-72.2875,-41.5136],[-72.2846,-41.5097],[-72.2856,-41.5076],[-72.2823,-41.5037],[-72.2799,-41.5052],[-72.2784,-41.5031],[-72.2796,-41.5003],[-72.2816,-41.4993],[-72.2867,-41.4997],[-72.2872,-41.4987],[-72.292,-41.4986],[-72.2988,-41.4953],[-72.303,-41.4958],[-72.3056,-41.4949],[-72.3104,-41.4954],[-72.3153,-41.4934],[-72.3128,-41.4869],[-72.3121,-41.4829],[-72.3104,-41.4788],[-72.3107,-41.4717],[-72.3101,-41.4684],[-72.311,-41.4658],[-72.3071,-41.4641],[-72.3066,-41.4604],[-72.3045,-41.4579],[-72.3044,-41.4542],[-72.301,-41.4557],[-72.2956,-41.4568],[-72.2923,-41.4591],[-72.2887,-41.4596],[-72.2866,-41.4588],[-72.2816,-41.4595],[-72.278,-41.4551],[-72.2671,-41.4572],[-72.2444,-41.4497],[-72.2466,-41.4438],[-72.2452,-41.4387],[-72.2385,-41.4342],[-72.2356,-41.4338],[-72.2324,-41.4345],[-72.2272,-41.4331],[-72.2286,-41.4294],[-72.2286,-41.4258],[-72.2271,-41.4246],[-72.2224,-41.425],[-72.2207,-41.4226],[-72.2236,-41.4173],[-72.2235,-41.4143],[-72.2185,-41.4129],[-72.2122,-41.4119],[-72.2067,-41.4122],[-72.202,-41.4057],[-72.1974,-41.406],[-72.192,-41.4078],[-72.1901,-41.4076],[-72.1871,-41.4037],[-72.1813,-41.4029],[-72.1786,-41.3999],[-72.1718,-41.3971],[-72.169,-41.3963],[-72.1684,-41.3942],[-72.1639,-41.3904],[-72.163,-41.3877],[-72.1689,-41.3836],[-72.167,-41.3809],[-72.1686,-41.3763],[-72.1657,-41.372],[-72.1656,-41.3707],[-72.1627,-41.3671],[-72.1601,-41.3659],[-72.1603,-41.363],[-72.1561,-41.3624],[-72.1499,-41.3601],[-72.1478,-41.3564],[-72.1477,-41.3535],[-72.1493,-41.3499],[-72.1466,-41.3457],[-72.1445,-41.3452],[-72.1356,-41.3468],[-72.1364,-41.3388],[-72.1375,-41.3369],[-72.1368,-41.3344],[-72.134,-41.3333],[-72.1302,-41.3301],[-72.1239,-41.3326],[-72.1208,-41.3352],[-72.1126,-41.3349],[-72.1106,-41.3328],[-72.1075,-41.3328],[-72.1046,-41.3317],[-72.1031,-41.3286],[-72.1068,-41.3171],[-72.1042,-41.3165],[-72.1017,-41.3148],[-72.0952,-41.3152],[-72.0876,-41.3161],[-72.0772,-41.3235],[-72.0783,-41.3278],[-72.0737,-41.3277],[-72.0702,-41.3304],[-72.0698,-41.335],[-72.0673,-41.3375],[-72.0693,-41.3404],[-72.0659,-41.3424],[-72.0652,-41.3448],[-72.0628,-41.3484],[-72.0585,-41.3509],[-72.0565,-41.3533],[-72.0563,-41.3566],[-72.0528,-41.3569],[-72.0495,-41.3561],[-72.0473,-41.3545],[-72.0405,-41.3554],[-72.0312,-41.3591],[-72.0298,-41.3636],[-72.0295,-41.3691],[-72.0255,-41.3693],[-72.0191,-41.3709],[-72.0103,-41.3656],[-72.0092,-41.3638],[-72.0052,-41.3648],[-72.0044,-41.367],[-72.0012,-41.3694],[-71.9998,-41.3719],[-71.9973,-41.3727],[-71.9939,-41.3789],[-71.982,-41.3784],[-71.9744,-41.3809],[-71.9716,-41.3858],[-71.9664,-41.3863],[-71.9587,-41.3851],[-71.9536,-41.3865],[-71.9509,-41.3841],[-71.948,-41.3804],[-71.9458,-41.3786],[-71.9411,-41.3766],[-71.9388,-41.3723],[-71.9366,-41.3717],[-71.9325,-41.3684],[-71.926,-41.3683],[-71.9229,-41.3674],[-71.9212,-41.3649],[-71.9185,-41.364],[-71.911,-41.3625],[-71.9094,-41.361]]]]}},{"type":"Feature","properties":{"codigo_comuna":"10101","codigo_provincia":"101","codigo_region":"00010","comuna":"Puerto Montt"},"geometry":{"type":"MultiPolygon","coordinates":[[[[-73.0487,-41.6603],[-73.0511,-41.6603],[-73.0558,-41.658],[-73.0548,-41.6546],[-73.058,-41.6523],[-73.0589,-41.6505],[-73.0549,-41.6485],[-73.053,-41.6503],[-73.0526,-41.6558],[-73.0474,-41.6589],[-73.0487,-41.6603]]],[[[-72.9954,-41.6009],[-72.9917,-41.6014],[-72.9898,-41.604],[-72.992,-41.6057],[-72.9941,-41.6055],[-72.9979,-41.6022],[-72.9954,-41.6009]]],[[[-72.99,-41.553],[-72.9809,-41.5532],[-72.9759,-41.5549],[-72.9735,-41.5567],[-72.9745,-41.5621],[-72.9726,-41.5642],[-72.9737,-41.5682],[-72.9731,-41.5712],[-72.9715,-41.5722],[-72.9601,-41.5769],[-72.96,-41.58],[-72.963,-41.5831],[-72.9659,-41.5846],[-72.9699,-41.5881],[-72.9754,-41.5912],[-72.9804,-41.5903],[-72.9835,-41.5885],[-72.9876,-41.5888],[-72.9955,-41.593],[-72.9988,-41.5954],[-73.005,-41.5946],[-73.0079,-41.5935],[-73.0116,-41.5902],[-73.0117,-41.5874],[-73.0086,-41.5862],[-73.0045,-41.5833],[-73.0046,-41.5824],[-73.0116,-41.581],[-73.0174,-41.5791],[-73.0243,-41.575],[-73.0196,-41.5737],[-73.017,-41.5692],[-73.0171,-41.5655],[-73.021,-41.5624],[-73.0172,-41.56],[-73.0111,-41.5604],[-73.0059,-41.5596],[-73.0032,-41.5575],[-73.0022,-41.555],[-72.9953,-41.5529],[-72.99,-41.553]]],[[[-72.9492,-41.4831],[-72.9485,-41.4862],[-72.9527,-41.4905],[-72.9525,-41.4933],[-72.9571,-41.4949],[-72.9579,-41.4959],[-72.9629,-41.4979],[-72.9709,-41.5019],[-72.9717,-41.5037],[-72.971,-41.5061],[-72.9735,-41.5088],[-72.9802,-41.5123],[-72.9838,-41.5162],[-72.9861,-41.5171],[-72.993,-41.5161],[-72.9945,-41.5148],[-72.9949,-41.5113],[-72.9922,-41.5094],[-72.9908,-41.506],[-72.9865,-41.5046],[-72.9841,-41.5012],[-72.981,-41.501],[-72.9788,-41.4971],[-72.9805,-41.4941],[-72.9797,-41.4922],[-72.9744,-41.4893],[-72.9717,-41.4917],[-72.9658,-41.4927],[-72.9619,-41.487],[-72.9576,-41.4868],[-72.9521,-41.4851],[-72.9522,-41.4832],[-72.9492,-41.4831]]],[[[-72.4188,-41.4156],[-72.4206,-41.4148],[-72.4276,-41.4158],[-72.4294,-41.4181],[-72.4283,-41.4206],[-72.4337,-41.4228],[-72.4344,-41.4298],[-72.4333,-41.4317],[-72.4299,-41.4321],[-72.4277,-41.4337],[-72.4193,-41.4347],[-72.4131,-41.436],[-72.41,-41.4401],[-72.4049,-41.4515],[-72.4073,-41.4576],[-72.4016,-41.463],[-72.3966,-41.4631],[-72.3924,-41.4664],[-72.3906,-41.4687],[-72.3852,-41.4722],[-72.3826,-41.4748],[-72.3815,-41.4789],[-72.3781,-41.4814],[-72.3778,-41.4846],[-72.3789,-41.4899],[-72.377,-41.4939],[-72.3776,-41.4976],[-72.3804,-41.5001],[-72.3847,-41.502],[-72.3879,-41.5069],[-72.3814,-41.5102],[-72.3831,-41.513],[-72.3828,-41.5167],[-72.386,-41.5208],[-72.3875,-41.5254],[-72.3912,-41.5268],[-72.3932,-41.529],[-72.3911,-41.5311],[-72.39,-41.536],[-72.3933,-41.5401],[-72.393,-41.5437],[-72.3905,-41.5479],[-72.3948,-41.5511],[-72.397,-41.555],[-72.4,-41.5571],[-72.4056,-41.5579],[-72.4082,-41.5561],[-72.4133,-41.5543],[-72.416,-41.5637],[-72.4156,-41.5666],[-72.4135,-41.5694],[-72.414,-41.5745],[-72.418,-41.577],[-72.425,-41.5776],[-72.4314,-41.581],[-72.4332,-41.5855],[-72.4327,-41.5876],[-72.4338,-41.5901],[-72.4362,-41.5919],[-72.4373,-41.596],[-72.4434,-41.5989],[-72.4438,-41.6058],[-72.4482,-41.6084],[-72.4515,-41.6113],[-72.4625,-41.609],[-72.466,-41.6094],[-72.4679,-41.6115],[-72.4672,-41.617],[-72.4698,-41.6181],[-72.4736,-41.622],[-72.4745,-41.6244],[-72.4779,-41.6249],[-72.4797,-41.6226],[-72.484,-41.6225],[-72.4859,-41.6232],[-72.4934,-41.6219],[-72.4929,-41.6259],[-72.4963,-41.6293],[-72.5023,-41.632],[-72.5044,-41.6354],[-72.5072,-41.6378],[-72.5118,-41.6393],[-72.5159,-41.6422],[-72.5178,-41.6447],[-72.5218,-41.6434],[-72.5243,-41.6408],[-72.5321,-41.6383],[-72.535,-41.6365],[-72.5419,-41.6373],[-72.5451,-41.6383],[-72.5484,-41.637],[-72.5575,-41.636],[-72.5631,-41.6376],[-72.5661,-41.6415],[-72.5674,-41.6473],[-72.5695,-41.6487],[-72.5778,-41.6502],[-72.5763,-41.6526],[-72.577,-41.6546],[-72.5763,-41.6648],[-72.58,-41.6709],[-72.5902,-41.6739],[-72.5925,-41.6758],[-72.5961,-41.6776],[-72.5983,-41.6796],[-72.6026,-41.6812],[-72.608,-41.6808],[-72.6146,-41.6839],[-72.6158,-41.6867],[-72.6179,-41.6888],[-72.6258,-41.6925],[-72.6293,-41.6928],[-72.6322,-41.6941],[-72.6359,-41.6946],[-72.6378,-41.6972],[-72.6395,-41.6972],[-72.6472,-41.6947],[-72.6489,-41.6949],[-72.6458,-41.6932],[-72.6429,-41.6926],[-72.6414,-41.6895],[-72.6507,-41.6756],[-72.6583,-41.6718],[-72.6582,-41.6708],[-72.6642,-41.6659],[-72.6652,-41.6637],[-72.6641,-41.6624],[-72.6671,-41.6557],[-72.667,-41.6535],[-72.6695,-41.6486],[-72.6681,-41.645],[-72.6698,-41.6407],[-72.6703,-41.6357],[-72.6692,-41.633],[-72.6669,-41.6309],[-72.6678,-41.622],[-72.6674,-41.6188],[-72.6691,-41.6158],[-72.6721,-41.6148],[-72.6735,-41.613],[-72.676,-41.6145],[-72.6845,-41.6167],[-72.6889,-41.6144],[-72.6933,-41.6141],[-72.693,-41.6122],[-72.6941,-41.6079],[-72.6932,-41.605],[-72.6975,-41.604],[-72.6992,-41.6027],[-72.7049,-41.601],[-72.7063,-41.5992],[-72.7042,-41.5955],[-72.7037,-41.5903],[-72.708,-41.5895],[-72.7176,-41.5825],[-72.7257,-41.5732],[-72.7259,-41.5717],[-72.7316,-41.5635],[-72.7319,-41.5592],[-72.733,-41.557],[-72.7367,-41.5552],[-72.7394,-41.5513],[-72.7387,-41.547],[-72.7446,-41.5447],[-72.7462,-41.546],[-72.7495,-41.5464],[-72.7503,-41.5492],[-72.7508,-41.5551],[-72.7549,-41.5533],[-72.7539,-41.5502],[-72.7625,-41.5435],[-72.7666,-41.5351],[-72.7696,-41.5322],[-72.769,-41.5285],[-72.7651,-41.5305],[-72.7649,-41.5284],[-72.7698,-41.526],[-72.7781,-41.5171],[-72.7834,-41.5141],[-72.7839,-41.5124],[-72.7901,-41.5098],[-72.7915,-41.5085],[-72.7981,-41.5066],[-72.805,-41.502],[-72.8159,-41.4994],[-72.8218,-41.4996],[-72.8215,-41.4982],[-72.8175,-41.4941],[-72.8194,-41.4939],[-72.8235,-41.4971],[-72.8238,-41.4989],[-72.8281,-41.5006],[-72.8322,-41.4998],[-72.8423,-41.5001],[-72.8436,-41.5046],[-72.8476,-41.5088],[-72.8513,-41.5092],[-72.855,-41.506],[-72.8531,-41.5046],[-72.8538,-41.5015],[-72.8557,-41.4967],[-72.8611,-41.4912],[-72.861,-41.4893],[-72.8668,-41.4884],[-72.87,-41.491],[-72.8743,-41.4934],[-72.8754,-41.4959],[-72.8801,-41.4986],[-72.8864,-41.4999],[-72.8875,-41.4981],[-72.8912,-41.4961],[-72.8975,-41.4946],[-72.8995,-41.4923],[-72.8998,-41.4905],[-72.9081,-41.4858],[-72.9136,-41.4794],[-72.9198,-41.4758],[-72.9226,-41.4752],[-72.928,-41.4755],[-72.9327,-41.4749],[-72.9392,-41.4729],[-72.9452,-41.4746],[-72.9498,-41.4779],[-72.9544,-41.4826],[-72.9662,-41.4881],[-72.9675,-41.4897],[-72.9764,-41.4864],[-72.9789,-41.4863],[-72.9842,-41.4905],[-72.9854,-41.4927],[-72.9857,-41.4959],[-72.9872,-41.4987],[-72.9899,-41.4997],[-72.9901,-41.5019],[-72.9946,-41.5036],[-72.9955,-41.5069],[-72.9986,-41.5082],[-72.9983,-41.5112],[-73.0007,-41.513],[-73.0066,-41.5106],[-73.009,-41.5106],[-73.0135,-41.5127],[-73.0164,-41.5108],[-73.0193,-41.5105],[-73.0249,-41.5112],[-73.027,-41.514],[-73.0316,-41.5163],[-73.0356,-41.5166],[-73.0404,-41.5184],[-73.043,-41.5215],[-73.0427,-41.5234],[-73.0447,-41.5293],[-73.0426,-41.5312],[-73.0428,-41.533],[-73.0401,-41.5377],[-73.0392,-41.5407],[-73.0395,-41.5451],[-73.0385,-41.5473],[-73.0337,-41.5532],[-73.0324,-41.5563],[-73.0317,-41.5615],[-73.0379,-41.5617],[-73.043,-41.561],[-73.0475,-41.5638],[-73.0562,-41.5629],[-73.0659,-41.5654],[-73.071,-41.5674],[-73.0852,-41.5765],[-73.0852,-41.5787],[-73.0874,-41.5818],[-73.0915,-41.5844],[-73.0969,-41.5904],[-73.0968,-41.5937],[-73.0936,-41.596],[-73.0889,-41.5971],[-73.0875,-41.6024],[-73.0849,-41.6059],[-73.077,-41.6078],[-73.065,-41.6127],[-73.0658,-41.6152],[-73.0735,-41.6163],[-73.075,-41.615],[-73.0814,-41.6147],[-73.0838,-41.6158],[-73.0833,-41.6176],[-73.0864,-41.6181],[-73.0865,-41.6202],[-73.0833,-41.6205],[-73.0839,-41.6235],[-73.0834,-41.6266],[-73.0818,-41.6271],[-73.0773,-41.6317],[-73.0757,-41.6348],[-73.0725,-41.6369],[-73.0627,-41.6404],[-73.0543,-41.6445],[-73.0549,-41.6467],[-73.059,-41.6484],[-73.0616,-41.6515],[-73.0602,-41.6549],[-73.0636,-41.6558],[-73.0664,-41.6589],[-73.065,-41.6627],[-73.0669,-41.6654],[-73.0667,-41.667],[-73.0624,-41.6683],[-73.057,-41.6742],[-73.0539,-41.6786],[-73.05,-41.6825],[-73.0575,-41.6843],[-73.0645,-41.6846],[-73.07,-41.684],[-73.0781,-41.6876],[-73.0811,-41.6864],[-73.0869,-41.6878],[-73.0909,-41.6881],[-73.0976,-41.6898],[-73.1087,-41.6874],[-73.1105,-41.6874],[-73.1163,-41.6904],[-73.1175,-41.6902],[-73.1249,-41.6848],[-73.1271,-41.6827],[-73.135,-41.6789],[-73.1374,-41.6796],[-73.1378,-41.6765],[-73.137,-41.6741],[-73.1351,-41.6729],[-73.1343,-41.6669],[-73.1356,-41.6631],[-73.1399,-41.6604],[-73.1439,-41.6589],[-73.1456,-41.657],[-73.1385,-41.6574],[-73.1352,-41.6588],[-73.1324,-41.6577],[-73.1291,-41.6537],[-73.1233,-41.6495],[-73.1202,-41.6413],[-73.1195,-41.6373],[-73.1181,-41.6356],[-73.1147,-41.6344],[-73.1123,-41.632],[-73.1098,-41.6315],[-73.1067,-41.6274],[-73.1069,-41.6244],[-73.1088,-41.6225],[-73.1138,-41.6205],[-73.1159,-41.6172],[-73.1149,-41.6132],[-73.1157,-41.6074],[-73.1149,-41.6056],[-73.1201,-41.6011],[-73.12,-41.5985],[-73.1225,-41.5983],[-73.125,-41.595],[-73.1285,-41.5914],[-73.1278,-41.5889],[-73.1288,-41.5862],[-73.1319,-41.5834],[-73.1391,-41.5827],[-73.1395,-41.5814],[-73.1438,-41.5798],[-73.1469,-41.5794],[-73.1541,-41.5754],[-73.1574,-41.5756],[-73.1592,-41.573],[-73.1617,-41.5716],[-73.1662,-41.5747],[-73.1694,-41.5761],[-73.1789,-41.5785],[-73.1859,-41.5764],[-73.1912,-41.576],[-73.1941,-41.5724],[-73.2027,-41.5698],[-73.2097,-41.5704],[-73.214,-41.569],[-73.2159,-41.5674],[-73.2168,-41.5643],[-73.2154,-41.5602],[-73.2181,-41.5579],[-73.2232,-41.5596],[-73.2245,-41.5613],[-73.2317,-41.5621],[-73.236,-41.5609],[-73.2396,-41.5622],[-73.2479,-41.5626],[-73.2483,-41.5672],[-73.2534,-41.5715],[-73.2555,-41.572],[-73.2637,-41.5681],[-73.2654,-41.5661],[-73.2725,-41.5648],[-73.2771,-41.5612],[-73.2792,-41.5587],[-73.2851,-41.5577],[-73.2872,-41.5559],[-73.2896,-41.5556],[-73.2949,-41.5513],[-73.2977,-41.5502],[-73.2984,-41.5476],[-73.3005,-41.5461],[-73.3058,-41.5449],[-73.3084,-41.542],[-73.3084,-41.5402],[-73.3137,-41.5344],[-73.3165,-41.5359],[-73.3195,-41.535],[-73.3212,-41.5356],[-73.3245,-41.5344],[-73.3252,-41.5297],[-73.3241,-41.5277],[-73.3287,-41.5235],[-73.3267,-41.5197],[-73.3286,-41.5162],[-73.3277,-41.5128],[-73.3281,-41.5091],[-73.3325,-41.5078],[-73.3305,-41.5036],[-73.3325,-41.4983],[-73.3328,-41.4955],[-73.3345,-41.492],[-73.3353,-41.4883],[-73.3401,-41.4844],[-73.3408,-41.4815],[-73.3379,-41.4783],[-73.3353,-41.4771],[-73.3344,-41.4742],[-73.3307,-41.4726],[-73.325,-41.4727],[-73.3236,-41.4709],[-73.3188,-41.4705],[-73.317,-41.4718],[-73.3162,-41.4747],[-73.3116,-41.4762],[-73.3056,-41.4763],[-73.3066,-41.4745],[-73.3056,-41.4703],[-73.2995,-41.4719],[-73.2926,-41.472],[-73.2899,-41.4742],[-73.2827,-41.4706],[-73.2748,-41.4714],[-73.2714,-41.4752],[-73.2686,-41.4757],[-73.2629,-41.474],[-73.262,-41.47],[-73.2564,-41.4631],[-73.2507,-41.463],[-73.2507,-41.4586],[-73.2515,-41.4552],[-73.2573,-41.4521],[-73.2598,-41.4476],[-73.2535,-41.4433],[-73.2498,-41.4425],[-73.2452,-41.4383],[-73.2392,-41.4366],[-73.2355,-41.4364],[-73.2314,-41.4349],[-73.2298,-41.432],[-73.2298,-41.4296],[-73.2251,-41.4246],[-73.2228,-41.4203],[-73.2191,-41.4185],[-73.217,-41.4154],[-73.2123,-41.4115],[-73.2102,-41.4048],[-73.2084,-41.4019],[-73.2035,-41.3987],[-73.1997,-41.3978],[-73.1981,-41.3958],[-73.1945,-41.3934],[-73.1941,-41.3897],[-73.1927,-41.387],[-73.188,-41.3868],[-73.1857,-41.3879],[-73.1854,-41.3914],[-73.1789,-41.3916],[-73.177,-41.3912],[-73.1747,-41.3928],[-73.1706,-41.3914],[-73.167,-41.3927],[-73.1613,-41.3939],[-73.1581,-41.3933],[-73.1548,-41.394],[-73.1502,-41.396],[-73.1496,-41.3993],[-73.1452,-41.4003],[-73.1412,-41.3976],[-73.1374,-41.3966],[-73.1356,-41.397],[-73.1299,-41.4004],[-73.1288,-41.4023],[-73.1249,-41.4028],[-73.1214,-41.4068],[-73.1178,-41.4063],[-73.1149,-41.4079],[-73.1086,-41.4047],[-73.1066,-41.4046],[-73.1054,-41.4024],[-73.1019,-41.401],[-73.1009,-41.4031],[-73.0973,-41.405],[-73.0914,-41.4019],[-73.0879,-41.4012],[-73.0857,-41.3976],[-73.0784,-41.3994],[-73.0794,-41.3971],[-73.0764,-41.3925],[-73.0745,-41.3942],[-73.0725,-41.3911],[-73.0677,-41.3908],[-73.0648,-41.3923],[-73.0612,-41.3925],[-73.0572,-41.3956],[-73.054,-41.3964],[-73.051,-41.3929],[-73.0461,-41.3928],[-73.0442,-41.3939],[-73.0402,-41.3942],[-73.0384,-41.392],[-73.032,-41.3933],[-73.0286,-41.3916],[-73.0234,-41.3899],[-73.0197,-41.3945],[-73.0206,-41.3975],[-73.0195,-41.4005],[-73.0173,-41.4016],[-73.0141,-41.4058],[-73.0091,-41.4066],[-73.007,-41.404],[-73.0032,-41.4039],[-72.9987,-41.4085],[-72.9967,-41.4056],[-72.9949,-41.4052],[-72.9921,-41.4065],[-72.9943,-41.4081],[-72.9937,-41.41],[-72.9896,-41.4121],[-72.9857,-41.4118],[-72.9856,-41.4077],[-72.9833,-41.4061],[-72.9797,-41.4071],[-72.9753,-41.406],[-72.9747,-41.4042],[-72.9704,-41.4019],[-72.9678,-41.4042],[-72.9653,-41.4041],[-72.9611,-41.4051],[-72.9603,-41.4074],[-72.9562,-41.4077],[-72.9531,-41.4089],[-72.9508,-41.4112],[-72.9483,-41.4106],[-72.9435,-41.414],[-72.9409,-41.4123],[-72.9358,-41.4118],[-72.9365,-41.4087],[-72.9342,-41.408],[-72.9292,-41.4015],[-72.9242,-41.397],[-72.9214,-41.3958],[-72.9207,-41.3881],[-72.9209,-41.3853],[-72.9246,-41.3792],[-72.9027,-41.3786],[-72.8998,-41.375],[-72.8958,-41.3727],[-72.892,-41.3715],[-72.8894,-41.3691],[-72.883,-41.3667],[-72.877,-41.3652],[-72.8715,-41.3614],[-72.87,-41.3594],[-72.8653,-41.3582],[-72.8613,-41.356],[-72.8611,-41.3536],[-72.8578,-41.3505],[-72.8512,-41.3497],[-72.8417,-41.3402],[-72.8406,-41.3401],[-72.7635,-41.3351],[-72.7649,-41.3509],[-72.7162,-41.3584],[-72.7225,-41.3767],[-72.7147,-41.3778],[-72.7084,-41.3799],[-72.7022,-41.3808],[-72.6978,-41.3801],[-72.6908,-41.3798],[-72.6843,-41.3804],[-72.6815,-41.3797],[-72.6771,-41.3802],[-72.6706,-41.3789],[-72.6681,-41.3776],[-72.6604,-41.3778],[-72.6574,-41.3769],[-72.656,-41.3721],[-72.6536,-41.3695],[-72.6526,-41.367],[-72.6527,-41.3634],[-72.6517,-41.362],[-72.6499,-41.356],[-72.6491,-41.3505],[-72.6476,-41.3492],[-72.6449,-41.3446],[-72.643,-41.343],[-72.6291,-41.3381],[-72.6219,-41.3337],[-72.6191,-41.333],[-72.6187,-41.33],[-72.6141,-41.3307],[-72.6109,-41.3295],[-72.6024,-41.3344],[-72.5963,-41.335],[-72.5874,-41.3382],[-72.5849,-41.3387],[-72.5801,-41.3441],[-72.5754,-41.345],[-72.5728,-41.3466],[-72.5728,-41.3499],[-72.5703,-41.35],[-72.5633,-41.354],[-72.559,-41.3542],[-72.5565,-41.3561],[-72.5532,-41.3566],[-72.5494,-41.359],[-72.5477,-41.3633],[-72.548,-41.368],[-72.5408,-41.37],[-72.5356,-41.3684],[-72.533,-41.3663],[-72.5283,-41.3678],[-72.5263,-41.3718],[-72.5232,-41.375],[-72.5218,-41.3776],[-72.5165,-41.3767],[-72.5133,-41.3754],[-72.5099,-41.3721],[-72.5027,-41.3782],[-72.5005,-41.3789],[-72.4929,-41.3791],[-72.4882,-41.3745],[-72.4818,-41.3718],[-72.4785,-41.3725],[-72.4754,-41.3715],[-72.474,-41.3692],[-72.473,-41.3615],[-72.4717,-41.3593],[-72.4685,-41.359],[-72.4642,-41.3616],[-72.4608,-41.3611],[-72.4556,-41.3619],[-72.4494,-41.3575],[-72.442,-41.3505],[-72.4389,-41.3521],[-72.4334,-41.3576],[-72.4319,-41.3627],[-72.4317,-41.3687],[-72.427,-41.3681],[-72.4243,-41.3705],[-72.4231,-41.3752],[-72.4232,-41.3779],[-72.4244,-41.3793],[-72.4238,-41.3815],[-72.4086,-41.386],[-72.4004,-41.3864],[-72.3988,-41.3883],[-72.3962,-41.3891],[-72.3923,-41.3878],[-72.3894,-41.3852],[-72.3867,-41.3845],[-72.3842,-41.3864],[-72.3782,-41.3891],[-72.3776,-41.3948],[-72.3751,-41.3981],[-72.3742,-41.403],[-72.3755,-41.406],[-72.375,-41.4088],[-72.3782,-41.4115],[-72.3847,-41.4127],[-72.3885,-41.4146],[-72.3936,-41.4154],[-72.3981,-41.4143],[-72.4056,-41.4139],[-72.408,-41.4104],[-72.4151,-41.4102],[-72.418,-41.413],[-72.4188,-41.4156]]]]}},{"type":"Feature","properties":{"codigo_comuna":"10109","codigo_provincia":"101","codigo_region":"00010","comuna":"Puerto Varas"},"geometry":{"type":"MultiPolygon","coordinates":[[[[-72.3093,-41.3907],[-72.308,-41.3959],[-72.3109,-41.3971],[-72.3111,-41.3916],[-72.3093,-41.3907]]],[[[-72.2986,-41.3882],[-72.2953,-41.3869],[-72.2932,-41.387],[-72.2941,-41.3933],[-72.2984,-41.392],[-72.3009,-41.3884],[-72.2986,-41.3882]]],[[[-72.3033,-41.3886],[-72.3011,-41.3886],[-72.2991,-41.3922],[-72.3025,-41.3912],[-72.3033,-41.3886]]],[[[-72.3094,-41.3898],[-72.312,-41.392],[-72.3132,-41.3964],[-72.315,-41.3982],[-72.318,-41.3941],[-72.3202,-41.388],[-72.3173,-41.3854],[-72.3128,-41.3837],[-72.3094,-41.3865],[-72.3094,-41.3898]]],[[[-71.9296,-40.8175],[-71.935,-40.8218],[-71.9317,-40.8249],[-71.9254,-40.8256],[-71.9231,-40.829],[-71.9254,-40.8319],[-71.9272,-40.8327],[-71.9228,-40.835],[-71.9198,-40.8374],[-71.9145,-40.8387],[-71.9125,-40.8418],[-71.9129,-40.8437],[-71.908,-40.8458],[-71.9102,-40.8479],[-71.9109,-40.8512],[-71.9091,-40.8535],[-71.9076,-40.8576],[-71.902,-40.8608],[-71.9009,-40.8626],[-71.8969,-40.8653],[-71.8956,-40.8671],[-71.8915,-40.8703],[-71.8903,-40.8729],[-71.8877,-40.8736],[-71.8807,-40.8805],[-71.878,-40.8813],[-71.8728,-40.8812],[-71.8663,-40.8789],[-71.8626,-40.8787],[-71.8589,-40.8798],[-71.8584,-40.8818],[-71.8602,-40.8839],[-71.8612,-40.8869],[-71.8632,-40.8876],[-71.8686,-40.8913],[-71.8692,-40.8934],[-71.8657,-40.9003],[-71.8641,-40.9053],[-71.8663,-40.9079],[-71.8642,-40.9104],[-71.864,-40.9124],[-71.8593,-40.9175],[-71.8562,-40.9231],[-71.8612,-40.9303],[-71.863,-40.9335],[-71.8577,-40.9379],[-71.8575,-40.9408],[-71.8541,-40.9444],[-71.8538,-40.9458],[-71.8569,-40.9502],[-71.8577,-40.9544],[-71.8564,-40.9564],[-71.8562,-40.9599],[-71.8619,-40.9606],[-71.8677,-40.9598],[-71.876,-40.9612],[-71.8799,-40.9629],[-71.8816,-40.9645],[-71.8854,-40.9662],[-71.888,-40.9664],[-71.8928,-40.964],[-71.8935,-40.9625],[-71.8965,-40.9616],[-71.8996,-40.9592],[-71.9065,-40.9626],[-71.9062,-40.9663],[-71.909,-40.9729],[-71.906,-40.9761],[-71.9051,-40.9836],[-71.9036,-40.9848],[-71.8997,-40.9837],[-71.8929,-40.9857],[-71.8883,-40.989],[-71.8878,-40.9906],[-71.8832,-40.9945],[-71.8786,-40.9967],[-71.8741,-40.9998],[-71.8746,-41.0011],[-71.8743,-41.0088],[-71.8747,-41.0111],[-71.8705,-41.0121],[-71.8649,-41.016],[-71.8659,-41.0176],[-71.8628,-41.0231],[-71.8623,-41.0287],[-71.8591,-41.0329],[-71.8574,-41.0335],[-71.855,-41.0319],[-71.8497,-41.0305],[-71.8449,-41.0323],[-71.8432,-41.0351],[-71.84,-41.0358],[-71.834,-41.0425],[-71.8338,-41.044],[-71.8365,-41.0493],[-71.8324,-41.0526],[-71.8286,-41.0573],[-71.8259,-41.0559],[-71.8211,-41.059],[-71.82,-41.0615],[-71.8246,-41.0643],[-71.8254,-41.0674],[-71.8279,-41.0688],[-71.8287,-41.0716],[-71.8321,-41.0746],[-71.8365,-41.0777],[-71.8395,-41.0774],[-71.8447,-41.0811],[-71.8465,-41.0835],[-71.8465,-41.0888],[-71.8486,-41.0911],[-71.8484,-41.0959],[-71.8506,-41.0969],[-71.8516,-41.0991],[-71.8448,-41.1044],[-71.8467,-41.108],[-71.8452,-41.1114],[-71.8374,-41.1154],[-71.8363,-41.1197],[-71.8388,-41.1225],[-71.8431,-41.1311],[-71.8407,-41.1337],[-71.8399,-41.1383],[-71.8416,-41.1423],[-71.8399,-41.1431],[-71.8388,-41.1483],[-71.8421,-41.1503],[-71.8497,-41.1504],[-71.8577,-41.153],[-71.8603,-41.1546],[-71.8665,-41.1566],[-71.8699,-41.1599],[-71.8753,-41.1605],[-71.8791,-41.1603],[-71.8829,-41.161],[-71.8873,-41.1608],[-71.8862,-41.1633],[-71.8874,-41.1688],[-71.8827,-41.1742],[-71.8827,-41.1781],[-71.8809,-41.1813],[-71.8804,-41.1844],[-71.8777,-41.19],[-71.874,-41.1941],[-71.8723,-41.1979],[-71.8739,-41.2039],[-71.8725,-41.2063],[-71.8632,-41.2104],[-71.8564,-41.2125],[-71.856,-41.2142],[-71.8579,-41.2172],[-71.8578,-41.221],[-71.8562,-41.2229],[-71.8575,-41.2245],[-71.8544,-41.2292],[-71.858,-41.2292],[-71.8598,-41.2336],[-71.8551,-41.2358],[-71.8507,-41.2358],[-71.8497,-41.2386],[-71.8463,-41.2414],[-71.8441,-41.2445],[-71.851,-41.2437],[-71.8561,-41.2467],[-71.8545,-41.2495],[-71.8509,-41.2504],[-71.8487,-41.2539],[-71.8343,-41.2716],[-71.8369,-41.2734],[-71.8404,-41.2701],[-71.8462,-41.2689],[-71.8484,-41.2644],[-71.8486,-41.2614],[-71.8511,-41.2597],[-71.8566,-41.2576],[-71.8618,-41.258],[-71.8663,-41.256],[-71.8776,-41.2604],[-71.8857,-41.2603],[-71.8883,-41.2586],[-71.8985,-41.2557],[-71.8929,-41.2614],[-71.8898,-41.2633],[-71.889,-41.2654],[-71.8904,-41.2683],[-71.894,-41.2699],[-71.8971,-41.2705],[-71.898,-41.2776],[-71.8969,-41.2783],[-71.8929,-41.2776],[-71.8916,-41.2786],[-71.8928,-41.2843],[-71.8903,-41.2867],[-71.8907,-41.2898],[-71.8932,-41.2923],[-71.8821,-41.2935],[-71.876,-41.2965],[-71.8778,-41.2981],[-71.8766,-41.3014],[-71.8766,-41.3086],[-71.8817,-41.3098],[-71.8836,-41.311],[-71.8867,-41.3146],[-71.8814,-41.3227],[-71.8865,-41.3266],[-71.8933,-41.328],[-71.9006,-41.3305],[-71.9015,-41.3327],[-71.8973,-41.3369],[-71.8986,-41.3404],[-71.9009,-41.3409],[-71.9042,-41.3402],[-71.9084,-41.3409],[-71.9095,-41.344],[-71.9072,-41.3474],[-71.91,-41.3578],[-71.9094,-41.361],[-71.911,-41.3625],[-71.9185,-41.364],[-71.9212,-41.3649],[-71.9229,-41.3674],[-71.926,-41.3683],[-71.9325,-41.3684],[-71.9366,-41.3717],[-71.9388,-41.3723],[-71.9411,-41.3766],[-71.9458,-41.3786],[-71.948,-41.3804],[-71.9509,-41.3841],[-71.9536,-41.3865],[-71.9587,-41.3851],[-71.9664,-41.3863],[-71.9716,-41.3858],[-71.9744,-41.3809],[-71.982,-41.3784],[-71.9939,-41.3789],[-71.9973,-41.3727],[-71.9998,-41.3719],[-72.0012,-41.3694],[-72.0044,-41.367],[-72.0052,-41.3648],[-72.0092,-41.3638],[-72.0103,-41.3656],[-72.0191,-41.3709],[-72.0255,-41.3693],[-72.0295,-41.3691],[-72.0298,-41.3636],[-72.0312,-41.3591],[-72.0405,-41.3554],[-72.0473,-41.3545],[-72.0495,-41.3561],[-72.0528,-41.3569],[-72.0563,-41.3566],[-72.0565,-41.3533],[-72.0585,-41.3509],[-72.0628,-41.3484],[-72.0652,-41.3448],[-72.0659,-41.3424],[-72.0693,-41.3404],[-72.0673,-41.3375],[-72.0698,-41.335],[-72.0702,-41.3304],[-72.0737,-41.3277],[-72.0783,-41.3278],[-72.0772,-41.3235],[-72.0876,-41.3161],[-72.0952,-41.3152],[-72.1017,-41.3148],[-72.1042,-41.3165],[-72.1068,-41.3171],[-72.1031,-41.3286],[-72.1046,-41.3317],[-72.1075,-41.3328],[-72.1106,-41.3328],[-72.1126,-41.3349],[-72.1208,-41.3352],[-72.1239,-41.3326],[-72.1302,-41.3301],[-72.134,-41.3333],[-72.1368,-41.3344],[-72.1375,-41.3369],[-72.1364,-41.3388],[-72.1356,-41.3468],[-72.1445,-41.3452],[-72.1466,-41.3457],[-72.1493,-41.3499],[-72.1477,-41.3535],[-72.1478,-41.3564],[-72.1499,-41.3601],[-72.1561,-41.3624],[-72.1603,-41.363],[-72.1601,-41.3659],[-72.1627,-41.3671],[-72.1656,-41.3707],[-72.1657,-41.372],[-72.1686,-41.3763],[-72.167,-41.3809],[-72.1689,-41.3836],[-72.163,-41.3877],[-72.1639,-41.3904],[-72.1684,-41.3942],[-72.169,-41.3963],[-72.1718,-41.3971],[-72.1786,-41.3999],[-72.1813,-41.4029],[-72.1871,-41.4037],[-72.1901,-41.4076],[-72.192,-41.4078],[-72.1974,-41.406],[-72.202,-41.4057],[-72.2067,-41.4122],[-72.2122,-41.4119],[-72.2185,-41.4129],[-72.2235,-41.4143],[-72.2236,-41.4173],[-72.2207,-41.4226],[-72.2224,-41.425],[-72.2271,-41.4246],[-72.2286,-41.4258],[-72.2286,-41.4294],[-72.2272,-41.4331],[-72.2324,-41.4345],[-72.2356,-41.4338],[-72.2385,-41.4342],[-72.2452,-41.4387],[-72.2466,-41.4438],[-72.2444,-41.4497],[-72.2671,-41.4572],[-72.278,-41.4551],[-72.2816,-41.4595],[-72.2866,-41.4588],[-72.2887,-41.4596],[-72.2923,-41.4591],[-72.2956,-41.4568],[-72.301,-41.4557],[-72.3044,-41.4542],[-72.3018,-41.453],[-72.2992,-41.4485],[-72.2948,-41.443],[-72.294,-41.4406],[-72.2953,-41.4375],[-72.2919,-41.435],[-72.2901,-41.4298],[-72.2847,-41.4198],[-72.2832,-41.4116],[-72.2868,-41.4067],[-72.2856,-41.4037],[-72.2866,-41.402],[-72.2844,-41.3991],[-72.2793,-41.3952],[-72.2771,-41.3943],[-72.2758,-41.3918],[-72.2768,-41.3906],[-72.2837,-41.3893],[-72.2857,-41.3867],[-72.2891,-41.3862],[-72.2903,-41.3848],[-72.2943,-41.3848],[-72.2971,-41.3837],[-72.2986,-41.3861],[-72.3024,-41.3868],[-72.3052,-41.3838],[-72.3087,-41.3821],[-72.31,-41.3772],[-72.3117,-41.3766],[-72.3127,-41.3817],[-72.3146,-41.3837],[-72.3196,-41.3856],[-72.3228,-41.3895],[-72.3247,-41.3941],[-72.3274,-41.3928],[-72.3324,-41.394],[-72.3319,-41.3972],[-72.329,-41.4],[-72.3283,-41.4042],[-72.3304,-41.4077],[-72.3282,-41.4116],[-72.3282,-41.4148],[-72.3257,-41.4162],[-72.3235,-41.419],[-72.3214,-41.4242],[-72.3201,-41.4222],[-72.321,-41.4169],[-72.3178,-41.4165],[-72.3154,-41.4141],[-72.3155,-41.412],[-72.3126,-41.4112],[-72.3118,-41.4082],[-72.3069,-41.409],[-72.3045,-41.4119],[-72.3,-41.415],[-72.3033,-41.4165],[-72.3038,-41.4181],[-72.3014,-41.4223],[-72.3036,-41.4242],[-72.3057,-41.4276],[-72.3062,-41.4299],[-72.3109,-41.4343],[-72.3132,-41.4347],[-72.3128,-41.4383],[-72.3137,-41.4399],[-72.3171,-41.4426],[-72.3194,-41.4457],[-72.3209,-41.4461],[-72.323,-41.4501],[-72.326,-41.4515],[-72.3272,-41.4498],[-72.3299,-41.4497],[-72.3307,-41.4466],[-72.3336,-41.4446],[-72.3377,-41.4451],[-72.3494,-41.4431],[-72.3531,-41.4435],[-72.3557,-41.4424],[-72.3587,-41.4433],[-72.363,-41.4434],[-72.3652,-41.4425],[-72.3702,-41.4424],[-72.372,-41.4431],[-72.3763,-41.4425],[-72.377,-41.4415],[-72.3828,-41.4405],[-72.3895,-41.4399],[-72.3933,-41.4376],[-72.3935,-41.4352],[-72.4,-41.4296],[-72.3999,-41.428],[-72.4025,-41.4256],[-72.4051,-41.4215],[-72.4074,-41.4205],[-72.4109,-41.4216],[-72.4121,-41.4234],[-72.4188,-41.4156],[-72.418,-41.413],[-72.4151,-41.4102],[-72.408,-41.4104],[-72.4056,-41.4139],[-72.3981,-41.4143],[-72.3936,-41.4154],[-72.3885,-41.4146],[-72.3847,-41.4127],[-72.3782,-41.4115],[-72.375,-41.4088],[-72.3755,-41.406],[-72.3742,-41.403],[-72.3751,-41.3981],[-72.3776,-41.3948],[-72.3782,-41.3891],[-72.3842,-41.3864],[-72.3867,-41.3845],[-72.3894,-41.3852],[-72.3923,-41.3878],[-72.3962,-41.3891],[-72.3988,-41.3883],[-72.4004,-41.3864],[-72.4086,-41.386],[-72.4238,-41.3815],[-72.4244,-41.3793],[-72.4232,-41.3779],[-72.4231,-41.3752],[-72.4243,-41.3705],[-72.427,-41.3681],[-72.4317,-41.3687],[-72.4319,-41.3627],[-72.4334,-41.3576],[-72.4389,-41.3521],[-72.442,-41.3505],[-72.4494,-41.3575],[-72.4556,-41.3619],[-72.4608,-41.3611],[-72.4642,-41.3616],[-72.4685,-41.359],[-72.4717,-41.3593],[-72.473,-41.3615],[-72.474,-41.3692],[-72.4754,-41.3715],[-72.4785,-41.3725],[-72.4818,-41.3718],[-72.4882,-41.3745],[-72.4929,-41.3791],[-72.5005,-41.3789],[-72.5027,-41.3782],[-72.5099,-41.3721],[-72.5133,-41.3754],[-72.5165,-41.3767],[-72.5218,-41.3776],[-72.5232,-41.375],[-72.5263,-41.3718],[-72.5283,-41.3678],[-72.533,-41.3663],[-72.5356,-41.3684],[-72.5408,-41.37],[-72.548,-41.368],[-72.5477,-41.3633],[-72.5494,-41.359],[-72.5532,-41.3566],[-72.5565,-41.3561],[-72.559,-41.3542],[-72.5633,-41.354],[-72.5703,-41.35],[-72.5728,-41.3499],[-72.5728,-41.3466],[-72.5754,-41.345],[-72.5801,-41.3441],[-72.5849,-41.3387],[-72.5874,-41.3382],[-72.5963,-41.335],[-72.6024,-41.3344],[-72.6109,-41.3295],[-72.6141,-41.3307],[-72.6187,-41.33],[-72.6191,-41.333],[-72.6219,-41.3337],[-72.6291,-41.3381],[-72.643,-41.343],[-72.6449,-41.3446],[-72.6476,-41.3492],[-72.6491,-41.3505],[-72.6499,-41.356],[-72.6517,-41.362],[-72.6527,-41.3634],[-72.6526,-41.367],[-72.6536,-41.3695],[-72.656,-41.3721],[-72.6574,-41.3769],[-72.6604,-41.3778],[-72.6681,-41.3776],[-72.6706,-41.3789],[-72.6771,-41.3802],[-72.6815,-41.3797],[-72.6843,-41.3804],[-72.6908,-41.3798],[-72.6978,-41.3801],[-72.7022,-41.3808],[-72.7084,-41.3799],[-72.7147,-41.3778],[-72.7225,-41.3767],[-72.7162,-41.3584],[-72.7649,-41.3509],[-72.7635,-41.3351],[-72.8406,-41.3401],[-72.8417,-41.3402],[-72.8512,-41.3497],[-72.8578,-41.3505],[-72.8611,-41.3536],[-72.8613,-41.356],[-72.8653,-41.3582],[-72.87,-41.3594],[-72.8715,-41.3614],[-72.877,-41.3652],[-72.883,-41.3667],[-72.8894,-41.3691],[-72.892,-41.3715],[-72.8958,-41.3727],[-72.8998,-41.375],[-72.9027,-41.3786],[-72.9246,-41.3792],[-72.9209,-41.3853],[-72.9207,-41.3881],[-72.9214,-41.3958],[-72.9242,-41.397],[-72.9292,-41.4015],[-72.9342,-41.408],[-72.9365,-41.4087],[-72.9358,-41.4118],[-72.9409,-41.4123],[-72.9435,-41.414],[-72.9483,-41.4106],[-72.9508,-41.4112],[-72.9531,-41.4089],[-72.9562,-41.4077],[-72.9603,-41.4074],[-72.9611,-41.4051],[-72.9653,-41.4041],[-72.9678,-41.4042],[-72.9704,-41.4019],[-72.9747,-41.4042],[-72.9753,-41.406],[-72.9797,-41.4071],[-72.9833,-41.4061],[-72.9856,-41.4077],[-72.9857,-41.4118],[-72.9896,-41.4121],[-72.9937,-41.41],[-72.9943,-41.4081],[-72.9921,-41.4065],[-72.9949,-41.4052],[-72.9967,-41.4056],[-72.9987,-41.4085],[-73.0032,-41.4039],[-73.007,-41.404],[-73.0091,-41.4066],[-73.0141,-41.4058],[-73.0173,-41.4016],[-73.0195,-41.4005],[-73.0206,-41.3975],[-73.0197,-41.3945],[-73.0234,-41.3899],[-73.0286,-41.3916],[-73.032,-41.3933],[-73.0384,-41.392],[-73.0402,-41.3942],[-73.0442,-41.3939],[-73.0461,-41.3928],[-73.051,-41.3929],[-73.054,-41.3964],[-73.0572,-41.3956],[-73.0612,-41.3925],[-73.0648,-41.3923],[-73.0677,-41.3908],[-73.0725,-41.3911],[-73.0745,-41.3942],[-73.0764,-41.3925],[-73.0794,-41.3971],[-73.0784,-41.3994],[-73.0857,-41.3976],[-73.0879,-41.4012],[-73.0914,-41.4019],[-73.0973,-41.405],[-73.1009,-41.4031],[-73.1019,-41.401],[-73.1054,-41.4024],[-73.1066,-41.4046],[-73.1086,-41.4047],[-73.1149,-41.4079],[-73.1178,-41.4063],[-73.1214,-41.4068],[-73.1249,-41.4028],[-73.1288,-41.4023],[-73.1299,-41.4004],[-73.1356,-41.397],[-73.1374,-41.3966],[-73.1412,-41.3976],[-73.1452,-41.4003],[-73.1496,-41.3993],[-73.1502,-41.396],[-73.1548,-41.394],[-73.1581,-41.3933],[-73.1613,-41.3939],[-73.167,-41.3927],[-73.1706,-41.3914],[-73.1747,-41.3928],[-73.177,-41.3912],[-73.1789,-41.3916],[-73.1854,-41.3914],[-73.1857,-41.3879],[-73.188,-41.3868],[-73.1927,-41.387],[-73.1941,-41.3897],[-73.1945,-41.3934],[-73.1981,-41.3958],[-73.1997,-41.3978],[-73.2035,-41.3987],[-73.2084,-41.4019],[-73.2102,-41.4048],[-73.2123,-41.4115],[-73.217,-41.4154],[-73.2191,-41.4185],[-73.2228,-41.4203],[-73.2251,-41.4246],[-73.2298,-41.4296],[-73.2298,-41.432],[-73.2314,-41.4349],[-73.2355,-41.4364],[-73.2392,-41.4366],[-73.2452,-41.4383],[-73.2498,-41.4425],[-73.2535,-41.4433],[-73.2598,-41.4476],[-73.2611,-41.4466],[-73.2632,-41.4421],[-73.2593,-41.439],[-73.2595,-41.4353],[-73.2616,-41.4305],[-73.2649,-41.4288],[-73.2629,-41.4267],[-73.2675,-41.4237],[-73.2663,-41.4214],[-73.2726,-41.419],[-73.276,-41.4161],[-73.2758,-41.413],[-73.2738,-41.4096],[-73.2762,-41.4083],[-73.2765,-41.4029],[-73.284,-41.4001],[-73.2887,-41.4028],[-73.2894,-41.4008],[-73.2946,-41.3962],[-73.2967,-41.3964],[-73.2966,-41.3922],[-73.3007,-41.3924],[-73.3037,-41.3907],[-73.306,-41.3864],[-73.3083,-41.3862],[-73.3094,-41.3825],[-73.3134,-41.3799],[-73.3154,-41.3816],[-73.3201,-41.3814],[-73.3187,-41.3782],[-73.3211,-41.3772],[-73.3244,-41.3785],[-73.3291,-41.3787],[-73.3311,-41.3769],[-73.3341,-41.378],[-73.3375,-41.3778],[-73.3399,-41.3753],[-73.3437,-41.3759],[-73.3493,-41.3759],[-73.3518,-41.3715],[-73.3544,-41.3696],[-73.3535,-41.362],[-73.3487,-41.3565],[-73.3499,-41.3544],[-73.3481,-41.353],[-73.3499,-41.3507],[-73.352,-41.3502],[-73.3568,-41.3448],[-73.3565,-41.3409],[-73.3548,-41.3384],[-73.3565,-41.3359],[-73.3567,-41.3329],[-73.3546,-41.3266],[-73.3548,-41.3243],[-73.3522,-41.3225],[-73.3498,-41.3225],[-73.3469,-41.3206],[-73.3476,-41.3178],[-73.3461,-41.3155],[-73.3398,-41.3139],[-73.3383,-41.3115],[-73.3409,-41.3067],[-73.3401,-41.3023],[-73.3356,-41.2983],[-73.3317,-41.298],[-73.3289,-41.2986],[-73.3262,-41.2979],[-73.3229,-41.2956],[-73.324,-41.2903],[-73.3228,-41.2888],[-73.3158,-41.287],[-73.3135,-41.2888],[-73.3075,-41.2903],[-73.3057,-41.2899],[-73.3026,-41.2919],[-73.3008,-41.292],[-73.3,-41.3068],[-73.2999,-41.3126],[-73.2874,-41.3122],[-73.2877,-41.3068],[-73.2809,-41.3054],[-73.281,-41.3122],[-73.2745,-41.3119],[-73.2746,-41.307],[-73.2707,-41.3065],[-73.2706,-41.3086],[-73.2621,-41.3079],[-73.2616,-41.3118],[-73.2411,-41.3112],[-73.239,-41.3108],[-73.2286,-41.311],[-73.2297,-41.308],[-73.2231,-41.3078],[-73.2228,-41.3109],[-73.2137,-41.3108],[-73.204,-41.3111],[-73.1999,-41.3103],[-73.1972,-41.3072],[-73.194,-41.3074],[-73.1912,-41.31],[-73.1726,-41.3095],[-73.1726,-41.3086],[-73.1392,-41.3071],[-73.1389,-41.3048],[-73.1351,-41.2989],[-73.1241,-41.3011],[-73.1249,-41.3075],[-73.1046,-41.3064],[-73.0831,-41.3057],[-73.0832,-41.3028],[-73.062,-41.3024],[-73.0617,-41.3053],[-73.0584,-41.3054],[-73.0563,-41.3001],[-73.0537,-41.298],[-73.0527,-41.2942],[-73.0472,-41.2943],[-73.0135,-41.2929],[-73.0135,-41.2923],[-72.9768,-41.2915],[-72.9687,-41.2907],[-72.9641,-41.2895],[-72.9506,-41.283],[-72.9425,-41.2697],[-72.8897,-41.1803],[-72.8833,-41.1723],[-72.8647,-41.1451],[-72.8128,-41.0712],[-72.7983,-41.0503],[-72.7255,-41.0769],[-72.6726,-41.0961],[-72.6233,-41.1186],[-72.621,-41.1195],[-72.6163,-41.118],[-72.6095,-41.1144],[-72.6049,-41.1129],[-72.6013,-41.1109],[-72.5983,-41.1115],[-72.5912,-41.1145],[-72.5848,-41.1183],[-72.5787,-41.1189],[-72.5712,-41.1163],[-72.5671,-41.1168],[-72.5624,-41.1144],[-72.5549,-41.1132],[-72.5513,-41.1119],[-72.5469,-41.1124],[-72.5391,-41.1111],[-72.5358,-41.1099],[-72.4955,-41.1038],[-72.4917,-41.1008],[-72.4888,-41.0977],[-72.4879,-41.0926],[-72.4865,-41.0896],[-72.482,-41.0844],[-72.4776,-41.0773],[-72.4752,-41.0714],[-72.4708,-41.0711],[-72.4642,-41.0693],[-72.4616,-41.0675],[-72.4537,-41.0661],[-72.4483,-41.064],[-72.444,-41.0657],[-72.4386,-41.0648],[-72.431,-41.0641],[-72.4289,-41.065],[-72.4245,-41.0643],[-72.4244,-41.0614],[-72.4227,-41.0567],[-72.4183,-41.0553],[-72.4134,-41.0526],[-72.4103,-41.0491],[-72.4051,-41.0485],[-72.3984,-41.0447],[-72.3945,-41.0457],[-72.392,-41.0444],[-72.3857,-41.0394],[-72.3846,-41.0341],[-72.3825,-41.033],[-72.3787,-41.0281],[-72.3766,-41.0274],[-72.3711,-41.0271],[-72.3711,-41.0228],[-72.3687,-41.0188],[-72.3686,-41.0163],[-72.372,-41.0107],[-72.3701,-41.0073],[-72.37,-41.0043],[-72.3676,-41.0012],[-72.3645,-41.0],[-72.3613,-41.0003],[-72.3569,-40.9979],[-72.3525,-40.9992],[-72.3495,-40.9992],[-72.3452,-41.0003],[-72.3429,-40.9995],[-72.3365,-41.0016],[-72.3301,-40.9988],[-72.3283,-40.9956],[-72.3245,-40.9941],[-72.3175,-40.9932],[-72.3097,-40.9893],[-72.3037,-40.9891],[-72.2978,-40.9876],[-72.2949,-40.9856],[-72.2906,-40.9853],[-72.2854,-40.9831],[-72.2806,-40.9792],[-72.2776,-40.9751],[-72.2739,-40.9734],[-72.2663,-40.974],[-72.2614,-40.9709],[-72.2558,-40.9685],[-72.253,-40.964],[-72.246,-40.9616],[-72.2428,-40.9579],[-72.2364,-40.9554],[-72.2316,-40.9549],[-72.225,-40.9517],[-72.2207,-40.9482],[-72.2197,-40.942],[-72.2187,-40.9408],[-72.2145,-40.9406],[-72.2095,-40.9416],[-72.207,-40.9434],[-72.2051,-40.9434],[-72.1998,-40.938],[-72.1984,-40.9359],[-72.194,-40.9331],[-72.1904,-40.9289],[-72.1889,-40.9261],[-72.1858,-40.9232],[-72.1843,-40.9231],[-72.1747,-40.9308],[-72.1684,-40.9366],[-72.1644,-40.9393],[-72.1589,-40.9417],[-72.1515,-40.9432],[-72.1468,-40.9457],[-72.1467,-40.9506],[-72.144,-40.9514],[-72.1411,-40.9507],[-72.1349,-40.9517],[-72.1323,-40.9533],[-72.1231,-40.9553],[-72.118,-40.955],[-72.1076,-40.9566],[-72.1023,-40.9551],[-72.0996,-40.955],[-72.0962,-40.9535],[-72.0878,-40.9539],[-72.0846,-40.9546],[-72.0815,-40.9512],[-72.0794,-40.9451],[-72.0781,-40.9436],[-72.0748,-40.9433],[-72.0657,-40.9459],[-72.0588,-40.9452],[-72.0552,-40.9464],[-72.0515,-40.9466],[-72.0466,-40.9456],[-72.0447,-40.9439],[-72.0452,-40.9374],[-72.0471,-40.9357],[-72.0458,-40.9338],[-72.0471,-40.9322],[-72.0461,-40.9285],[-72.0466,-40.9256],[-72.0433,-40.925],[-72.0428,-40.9231],[-72.0398,-40.9217],[-72.0376,-40.9147],[-72.0387,-40.9121],[-72.0417,-40.9089],[-72.0423,-40.9035],[-72.043,-40.9014],[-72.0411,-40.8983],[-72.0415,-40.8943],[-72.0445,-40.8938],[-72.0473,-40.8946],[-72.0518,-40.894],[-72.0593,-40.8904],[-72.0634,-40.8895],[-72.0665,-40.8876],[-72.0728,-40.8879],[-72.0745,-40.8862],[-72.0701,-40.8811],[-72.0672,-40.8793],[-72.0685,-40.876],[-72.0736,-40.8716],[-72.0761,-40.8671],[-72.0835,-40.8632],[-72.0886,-40.8623],[-72.0947,-40.8586],[-72.0976,-40.8575],[-72.0987,-40.8559],[-72.0982,-40.8527],[-72.0955,-40.8507],[-72.0947,-40.8477],[-72.1002,-40.8461],[-72.1007,-40.8432],[-72.1049,-40.8412],[-72.1059,-40.8397],[-72.1058,-40.8365],[-72.1036,-40.835],[-72.0985,-40.8331],[-72.0939,-40.8295],[-72.0934,-40.8276],[-72.0946,-40.825],[-72.0992,-40.8222],[-72.0997,-40.8203],[-72.0982,-40.8191],[-72.0938,-40.8177],[-72.0898,-40.8145],[-72.0911,-40.8103],[-72.0944,-40.8089],[-72.0983,-40.8122],[-72.1016,-40.8133],[-72.1044,-40.8123],[-72.1052,-40.8089],[-72.1069,-40.8067],[-72.1067,-40.8049],[-72.104,-40.8014],[-72.101,-40.8],[-72.0446,-40.8058],[-71.9296,-40.8175]]]]}}]}